timestamp,aqius,main_pollutant,temp,humidity
2025-04-11T03:00:00.000Z,152,p2,32,68
2025-04-11T03:00:00.000Z,152,p2,32,68
2025-04-11T03:00:00.000Z,152,p2,32,68
2025-04-11T04:00:00.000Z,152,p2,28,73
2025-04-11T05:00:00.000Z,90,p2,31,74
2025-04-11T06:00:00.000Z,152,p2,31,72
2025-04-11T07:00:00.000Z,147,p2,31,70
2025-04-11T08:00:00.000Z,89,p2,31,74
2025-04-11T09:00:00.000Z,137,p2,27,89
2025-04-11T09:00:00.000Z,137,p2,26,94
2025-04-11T10:00:00.000Z,61,p1,27,89
2025-04-11T12:00:00.000Z,97,p2,28,89
2025-04-11T13:00:00.000Z,102,p2,28,89
2025-04-11T14:00:00.000Z,96,p2,28,89
2025-04-11T15:00:00.000Z,111,p2,28,89
2025-04-11T16:00:00.000Z,74,p2,27,94
2025-04-11T17:00:00.000Z,0,p2,27,89
2025-04-11T18:00:00.000Z,6,p2,25,94
2025-04-11T19:00:00.000Z,49,p2,26,89
2025-04-11T20:00:00.000Z,52,p2,26,94
2025-04-11T21:00:00.000Z,68,p2,26,94
2025-04-11T22:00:00.000Z,80,p2,26,100
2025-04-11T23:00:00.000Z,81,p2,26,100
2025-04-12T00:00:00.000Z,0,p2,26,100
2025-04-12T02:00:00.000Z,83,p2,29,89
2025-04-12T03:00:00.000Z,73,p2,30,79
2025-04-12T04:00:00.000Z,56,p2,31,74
2025-04-12T05:00:00.000Z,38,p2,30,70
2025-04-12T06:00:00.000Z,52,p2,31,79
2025-04-12T07:00:00.000Z,63,p2,30,74
2025-04-12T08:00:00.000Z,59,p2,28,83
2025-04-12T09:00:00.000Z,59,p2,28,78
2025-04-12T10:00:00.000Z,56,p2,28,83
2025-04-12T11:00:00.000Z,82,p2,28,83
2025-04-12T12:00:00.000Z,0,p2,28,83
2025-04-12T13:00:00.000Z,153,p2,27,89
2025-04-12T14:00:00.000Z,159,p2,27,94
2025-04-12T15:00:00.000Z,146,p2,27,89
2025-04-12T16:00:00.000Z,156,p2,27,94
2025-04-12T17:00:00.000Z,158,p2,27,94
2025-04-12T18:00:00.000Z,156,p2,25,94
2025-04-12T19:00:00.000Z,171,p2,25,94
2025-04-12T20:00:00.000Z,95,p2,25,94
2025-04-12T21:00:00.000Z,71,p2,25,94
2025-04-12T22:00:00.000Z,80,p2,25,100
2025-04-12T23:00:00.000Z,93,p2,24,100
2025-04-13T02:00:00.000Z,97,p2,30,79
2025-04-13T04:00:00.000Z,88,n2,31,74
2025-04-13T05:00:00.000Z,87,n2,31,70
2025-04-13T06:00:00.000Z,85,n2,32,70
2025-04-13T07:00:00.000Z,115,p2,31,66
2025-04-13T08:00:00.000Z,88,p2,29,79
2025-04-13T09:00:00.000Z,83,p2,29,84
2025-04-13T10:00:00.000Z,86,p2,29,79
2025-04-13T11:00:00.000Z,91,p2,28,83
2025-04-13T12:00:00.000Z,97,p2,28,83
2025-04-13T13:00:00.000Z,105,p2,28,83
2025-04-13T14:00:00.000Z,113,p2,27,89
2025-04-13T15:00:00.000Z,89,p2,28,83
2025-04-13T16:00:00.000Z,90,p2,27,89
2025-04-13T17:00:00.000Z,88,p2,27,89
2025-04-13T18:00:00.000Z,87,p2,26,94
2025-04-13T19:00:00.000Z,83,p2,25,100
2025-04-13T20:00:00.000Z,83,p2,25,100
2025-04-13T21:00:00.000Z,86,p2,25,100
2025-04-13T22:00:00.000Z,89,p2,25,94
2025-04-13T23:00:00.000Z,91,p2,25,94
2025-04-14T00:00:00.000Z,94,p2,26,94
2025-04-14T02:00:00.000Z,96,p2,29,84
2025-04-14T03:00:00.000Z,98,p2,30,74
2025-04-14T04:00:00.000Z,102,p2,31,79
2025-04-14T05:00:00.000Z,106,p2,30,79
2025-04-14T06:00:00.000Z,112,p2,31,74
2025-04-14T07:00:00.000Z,104,p2,30,74
2025-04-14T08:00:00.000Z,120,p2,27,94
2025-04-14T09:00:00.000Z,122,p2,28,89
2025-04-14T10:00:00.000Z,111,p2,29,84
2025-04-14T11:00:00.000Z,71,n2,29,79
2025-04-14T12:00:00.000Z,71,n2,27,94
2025-04-14T13:00:00.000Z,80,p2,27,94
2025-04-14T14:00:00.000Z,74,p2,26,100
2025-04-14T15:00:00.000Z,114,p2,26,100
2025-04-14T16:00:00.000Z,57,p2,26,100
2025-04-14T17:00:00.000Z,17,p2,26,100
2025-04-14T18:00:00.000Z,17,p2,26,100
2025-04-14T18:00:00.000Z,17,p2,26,100
2025-04-14T20:00:00.000Z,80,p2,26,100
2025-04-14T21:00:00.000Z,88,p2,26,100
2025-04-14T21:00:00.000Z,88,p2,26,100
2025-04-14T23:00:00.000Z,106,p2,26,94
2025-04-15T00:00:00.000Z,151,p2,27,94
2025-04-15T02:00:00.000Z,133,p2,30,84
2025-04-15T03:00:00.000Z,122,p2,31,79
2025-04-15T04:00:00.000Z,128,p2,31,74
2025-04-15T05:00:00.000Z,122,p2,30,75
2025-04-15T06:00:00.000Z,104,p2,32,66
2025-04-15T07:00:00.000Z,78,p2,30,74
2025-04-15T08:00:00.000Z,77,p2,29,79
2025-04-15T09:00:00.000Z,69,p2,30,74
2025-04-15T10:00:00.000Z,70,p2,30,74
2025-04-15T11:00:00.000Z,82,p2,29,79
2025-04-15T12:00:00.000Z,6,p2,28,83
2025-04-15T13:00:00.000Z,11,p2,27,100
2025-04-15T14:00:00.000Z,11,p2,28,89
2025-04-15T15:00:00.000Z,154,p2,27,100
2025-04-15T16:00:00.000Z,33,p2,27,94
2025-04-15T17:00:00.000Z,206,p2,27,94
2025-04-15T18:00:00.000Z,160,p2,27,94
2025-04-15T19:00:00.000Z,165,p2,27,94
2025-04-15T19:00:00.000Z,165,p2,26,100
2025-04-15T20:00:00.000Z,165,p2,26,100
2025-04-15T22:00:00.000Z,156,p2,26,100
2025-04-15T23:00:00.000Z,153,p2,26,100
2025-04-16T00:00:00.000Z,146,p2,26,100
2025-04-16T02:00:00.000Z,169,p2,29,89
2025-04-16T03:00:00.000Z,165,p2,31,74
2025-04-16T04:00:00.000Z,167,p2,31,74
2025-04-16T05:00:00.000Z,166,p2,31,74
2025-04-16T06:00:00.000Z,162,p2,32,70
2025-04-16T07:00:00.000Z,166,p2,31,70
2025-04-16T08:00:00.000Z,159,p2,29,84
2025-04-16T09:00:00.000Z,156,p2,30,79
2025-04-16T10:00:00.000Z,155,p2,29,84
2025-04-16T11:00:00.000Z,128,p2,28,94
2025-04-16T12:00:00.000Z,128,p2,28,89
2025-04-16T13:00:00.000Z,126,p2,28,89
2025-04-16T14:00:00.000Z,128,p2,29,84
2025-04-16T15:00:00.000Z,130,p2,29,84
2025-04-16T16:00:00.000Z,133,p2,29,84
2025-04-16T17:00:00.000Z,128,p2,27,100
2025-04-16T18:00:00.000Z,125,p2,27,100
2025-04-16T19:00:00.000Z,74,p2,26,100
2025-04-16T20:00:00.000Z,108,p2,26,100
2025-04-16T21:00:00.000Z,101,p2,26,100
2025-04-16T22:00:00.000Z,95,p2,26,100
2025-04-16T23:00:00.000Z,97,p2,26,100
2025-04-17T00:00:00.000Z,120,p2,26,100
2025-04-17T02:00:00.000Z,101,p2,28,89
2025-04-17T03:00:00.000Z,66,p2,29,84
2025-04-17T04:00:00.000Z,93,p2,30,79
2025-04-17T05:00:00.000Z,111,p2,31,70
2025-04-17T06:00:00.000Z,99,p2,32,66
2025-04-17T07:00:00.000Z,106,p2,31,70
2025-04-17T08:00:00.000Z,114,p2,32,66
2025-04-17T09:00:00.000Z,104,p2,31,74
2025-04-17T10:00:00.000Z,99,p2,30,79
2025-04-17T11:00:00.000Z,64,p2,27,83
2025-04-17T12:00:00.000Z,77,p2,27,94
2025-04-17T13:00:00.000Z,86,p2,27,94
2025-04-17T14:00:00.000Z,89,p2,26,94
2025-04-17T15:00:00.000Z,66,p2,26,94
2025-04-17T16:00:00.000Z,97,p2,26,94
2025-04-17T17:00:00.000Z,66,p2,26,100
2025-04-17T18:00:00.000Z,153,p2,26,94
2025-04-17T19:00:00.000Z,97,p2,26,94
2025-04-17T20:00:00.000Z,108,p2,25,100
2025-04-17T21:00:00.000Z,108,p2,25,100
2025-04-17T22:00:00.000Z,106,p2,25,100
2025-04-17T23:00:00.000Z,74,p2,25,100
2025-04-18T00:00:00.000Z,105,p2,26,100
2025-04-18T02:00:00.000Z,103,p2,29,84
2025-04-18T03:00:00.000Z,101,p2,29,84
2025-04-18T04:00:00.000Z,98,p2,29,84
2025-04-18T05:00:00.000Z,89,p2,31,74
2025-04-18T06:00:00.000Z,61,p2,31,74
2025-04-18T07:00:00.000Z,82,p2,31,79
2025-04-18T08:00:00.000Z,77,p2,31,74
2025-04-18T09:00:00.000Z,67,p2,31,74
2025-04-18T10:00:00.000Z,62,p2,31,70
2025-04-18T11:00:00.000Z,65,p2,29,79
2025-04-18T12:00:00.000Z,54,p2,28,78
2025-04-18T13:00:00.000Z,74,p2,27,89
2025-04-18T14:00:00.000Z,97,p2,27,89
2025-04-18T15:00:00.000Z,72,p2,26,94
2025-04-18T16:00:00.000Z,66,p2,26,94
2025-04-18T17:00:00.000Z,73,n2,26,94
2025-04-18T18:00:00.000Z,79,p2,25,100
2025-04-18T19:00:00.000Z,75,p2,26,94
2025-04-18T20:00:00.000Z,80,p2,25,100
2025-04-18T21:00:00.000Z,74,p2,25,100
2025-04-18T22:00:00.000Z,75,p2,25,100
2025-04-18T23:00:00.000Z,78,p2,26,94
2025-04-19T00:00:00.000Z,81,p2,26,100
2025-04-19T02:00:00.000Z,81,p2,29,89
2025-04-19T03:00:00.000Z,82,p2,30,84
2025-04-19T04:00:00.000Z,85,p2,30,84
2025-04-19T05:00:00.000Z,90,p2,32,74
2025-04-19T06:00:00.000Z,95,p2,31,79
2025-04-19T07:00:00.000Z,96,p2,31,79
2025-04-19T08:00:00.000Z,89,p2,31,74
2025-04-19T09:00:00.000Z,85,p2,32,70
2025-04-19T10:00:00.000Z,94,p2,31,70
2025-04-19T11:00:00.000Z,112,p2,30,79
2025-04-19T12:00:00.000Z,107,p2,29,89
2025-04-19T13:00:00.000Z,105,p2,28,89
2025-04-19T14:00:00.000Z,106,p2,29,84
2025-04-19T15:00:00.000Z,103,p2,28,94
2025-04-19T16:00:00.000Z,68,p2,27,94
2025-04-19T17:00:00.000Z,99,p2,27,94
2025-04-19T18:00:00.000Z,96,p2,27,94
2025-04-19T19:00:00.000Z,95,p2,27,94
2025-04-19T20:00:00.000Z,127,p2,26,100
2025-04-19T21:00:00.000Z,92,p2,26,100
2025-04-19T22:00:00.000Z,73,p2,26,100
2025-04-19T23:00:00.000Z,67,p2,26,100
2025-04-20T00:00:00.000Z,77,p2,27,94
2025-04-20T02:00:00.000Z,87,p2,29,89
2025-04-20T03:00:00.000Z,86,p2,30,79
2025-04-20T04:00:00.000Z,84,p2,31,74
2025-04-20T05:00:00.000Z,81,p2,31,74
2025-04-20T06:00:00.000Z,80,p2,30,74
2025-04-20T07:00:00.000Z,79,p2,31,74
2025-04-20T08:00:00.000Z,85,p2,30,70
2025-04-20T09:00:00.000Z,80,p2,25,94
2025-04-20T10:00:00.000Z,79,p2,26,100
2025-04-20T11:00:00.000Z,77,p2,26,100
2025-04-20T12:00:00.000Z,74,p2,27,94
2025-04-20T13:00:00.000Z,74,p2,27,94
2025-04-20T14:00:00.000Z,73,p2,27,94
2025-04-20T15:00:00.000Z,83,p2,27,94
2025-04-20T16:00:00.000Z,66,p2,27,94
2025-04-20T17:00:00.000Z,74,p2,26,94
2025-04-20T18:00:00.000Z,79,p2,25,100
2025-04-20T19:00:00.000Z,82,p2,25,100
2025-04-20T20:00:00.000Z,85,p2,25,100
2025-04-20T21:00:00.000Z,92,p2,24,100
2025-04-20T22:00:00.000Z,107,p2,24,100
2025-04-20T23:00:00.000Z,115,p2,25,94
2025-04-21T00:00:00.000Z,111,p2,25,100
2025-04-21T02:00:00.000Z,93,p2,29,84
2025-04-21T03:00:00.000Z,93,p2,30,70
2025-04-21T04:00:00.000Z,71,p2,31,70
2025-04-21T05:00:00.000Z,64,p2,31,79
2025-04-21T06:00:00.000Z,65,o3,31,74
2025-04-21T07:00:00.000Z,69,p2,31,74
2025-04-21T08:00:00.000Z,69,p2,31,70
2025-04-21T09:00:00.000Z,67,o3,31,74
2025-04-21T10:00:00.000Z,78,p2,30,79
2025-04-21T11:00:00.000Z,83,p2,27,94
2025-04-21T12:00:00.000Z,81,p2,27,100
2025-04-21T13:00:00.000Z,82,p2,27,94
2025-04-21T14:00:00.000Z,75,p2,27,100
2025-04-21T15:00:00.000Z,88,p2,28,94
2025-04-21T16:00:00.000Z,71,o3,28,89
2025-04-21T17:00:00.000Z,87,p2,27,94
2025-04-21T18:00:00.000Z,87,p2,26,100
2025-04-21T19:00:00.000Z,85,p2,26,94
2025-04-21T20:00:00.000Z,86,p2,26,94
2025-04-21T21:00:00.000Z,85,p2,25,100
2025-04-21T22:00:00.000Z,84,p2,25,100
2025-04-21T23:00:00.000Z,85,p2,25,100
2025-04-22T00:00:00.000Z,94,p2,26,100
2025-04-22T02:00:00.000Z,98,p2,29,89
2025-04-22T03:00:00.000Z,90,p2,31,79
2025-04-22T04:00:00.000Z,101,p2,30,84
2025-04-22T05:00:00.000Z,91,p2,31,84
2025-04-22T06:00:00.000Z,112,p2,32,74
2025-04-22T07:00:00.000Z,79,o3,31,74
2025-04-22T08:00:00.000Z,80,o3,31,74
2025-04-22T09:00:00.000Z,84,p2,31,79
2025-04-22T10:00:00.000Z,99,p2,31,79
2025-04-22T11:00:00.000Z,116,p2,30,79
2025-04-22T12:00:00.000Z,111,p2,29,79
2025-04-22T13:00:00.000Z,82,o3,27,94
2025-04-22T14:00:00.000Z,112,p2,26,94
2025-04-22T15:00:00.000Z,110,p2,27,83
2025-04-22T16:00:00.000Z,109,p2,26,89
2025-04-22T17:00:00.000Z,83,o3,26,94
2025-04-22T18:00:00.000Z,107,p2,26,94
2025-04-22T19:00:00.000Z,109,p2,25,100
2025-04-22T20:00:00.000Z,112,p2,25,100
2025-04-22T21:00:00.000Z,114,p2,25,100
2025-04-22T22:00:00.000Z,116,p2,25,94
2025-04-22T23:00:00.000Z,103,p2,25,94
2025-04-23T00:00:00.000Z,96,p2,26,100
2025-04-23T02:00:00.000Z,107,p2,29,84
2025-04-23T03:00:00.000Z,105,p2,29,84
2025-04-23T04:00:00.000Z,85,o3,31,74
2025-04-23T05:00:00.000Z,104,p2,31,74
2025-04-23T06:00:00.000Z,86,o3,31,74
2025-04-23T07:00:00.000Z,88,p2,32,66
2025-04-23T08:00:00.000Z,86,o3,32,66
2025-04-23T09:00:00.000Z,87,o3,31,66
2025-04-23T10:00:00.000Z,87,o3,30,74
2025-04-23T11:00:00.000Z,95,p2,29,74
2025-04-23T12:00:00.000Z,128,p2,29,79
2025-04-23T13:00:00.000Z,118,p2,29,84
2025-04-23T14:00:00.000Z,111,p2,29,84
2025-04-23T15:00:00.000Z,118,p2,28,89
2025-04-23T16:00:00.000Z,136,p2,27,89
2025-04-23T17:00:00.000Z,123,p2,26,94
2025-04-23T18:00:00.000Z,98,p2,26,94
2025-04-23T19:00:00.000Z,125,p2,26,94
2025-04-23T20:00:00.000Z,126,p2,25,100
2025-04-23T21:00:00.000Z,125,p2,25,100
2025-04-23T22:00:00.000Z,127,p2,25,100
2025-04-23T23:00:00.000Z,132,p2,25,100
2025-04-24T00:00:00.000Z,137,p2,25,100
2025-04-24T02:00:00.000Z,141,p2,29,70
2025-04-24T03:00:00.000Z,140,p2,30,70
2025-04-24T04:00:00.000Z,122,p2,31,70
2025-04-24T05:00:00.000Z,92,o3,31,70
2025-04-24T06:00:00.000Z,108,p2,31,70
2025-04-24T07:00:00.000Z,111,p2,30,79
2025-04-24T08:00:00.000Z,105,p2,31,66
2025-04-24T09:00:00.000Z,97,p2,32,69
2025-04-24T10:00:00.000Z,93,o3,31,70
2025-04-24T11:00:00.000Z,93,o3,29,84
2025-04-24T12:00:00.000Z,97,p2,28,81
2025-04-24T13:00:00.000Z,135,p2,29,84
2025-04-24T14:00:00.000Z,97,p2,28,89
2025-04-24T15:00:00.000Z,93,o3,27,86
2025-04-24T16:00:00.000Z,93,p2,28,89
2025-04-24T17:00:00.000Z,118,p2,26,100
2025-04-24T18:00:00.000Z,138,p2,26,100
2025-04-24T19:00:00.000Z,139,p2,26,100
2025-04-24T20:00:00.000Z,140,p2,26,100
2025-04-24T21:00:00.000Z,93,o3,26,100
2025-04-24T22:00:00.000Z,142,p2,26,100
2025-04-24T23:00:00.000Z,94,o3,26,100
2025-04-25T00:00:00.000Z,147,p2,27,92
2025-04-25T02:00:00.000Z,152,p2,29,84
2025-04-25T03:00:00.000Z,151,p2,32,93
2025-04-25T04:00:00.000Z,128,p2,31,74
2025-04-25T05:00:00.000Z,139,p2,33,100
2025-04-25T06:00:00.000Z,95,o3,33,100
2025-04-25T07:00:00.000Z,95,o3,32,70
2025-04-25T08:00:00.000Z,118,p2,32,66
2025-04-25T09:00:00.000Z,109,p2,32,62
2025-04-25T10:00:00.000Z,123,p2,31,62
2025-04-25T10:00:00.000Z,123,p2,31,66
2025-04-25T12:00:00.000Z,133,p2,30,70
2025-04-25T13:00:00.000Z,118,p2,30,74
2025-04-25T14:00:00.000Z,80,p2,29,84
2025-04-25T15:00:00.000Z,101,p2,26,89
2025-04-25T16:00:00.000Z,97,p2,26,94
2025-04-25T17:00:00.000Z,79,p2,26,100
2025-04-25T18:00:00.000Z,91,p2,26,100
2025-04-25T19:00:00.000Z,151,p2,25,94
2025-04-25T20:00:00.000Z,126,p2,25,100
2025-04-25T21:00:00.000Z,126,p2,25,100
2025-04-25T22:00:00.000Z,126,p2,25,100
2025-04-25T23:00:00.000Z,122,p2,25,100
2025-04-26T00:00:00.000Z,115,p2,26,100
2025-04-26T02:00:00.000Z,68,p2,29,84
2025-04-26T03:00:00.000Z,95,p2,30,79
2025-04-26T04:00:00.000Z,99,p2,31,74
2025-04-26T05:00:00.000Z,66,p2,32,70
2025-04-26T06:00:00.000Z,99,p2,32,62
2025-04-26T07:00:00.000Z,98,p2,32,58
2025-04-26T08:00:00.000Z,98,p2,33,58
2025-04-26T09:00:00.000Z,99,p2,30,70
2025-04-26T10:00:00.000Z,66,p2,30,74
2025-04-26T11:00:00.000Z,99,p2,29,74
2025-04-26T12:00:00.000Z,99,p2,29,74
2025-04-26T13:00:00.000Z,99,p2,29,79
2025-04-26T14:00:00.000Z,99,p2,29,79
2025-04-26T15:00:00.000Z,102,p2,29,79
2025-04-26T16:00:00.000Z,105,p2,28,83
2025-04-26T17:00:00.000Z,109,p2,27,94
2025-04-26T18:00:00.000Z,109,p2,27,94
2025-04-26T19:00:00.000Z,143,p2,26,94
2025-04-26T20:00:00.000Z,143,p2,26,94
2025-04-26T21:00:00.000Z,133,p2,26,94
2025-04-26T22:00:00.000Z,122,p2,26,94
2025-04-26T23:00:00.000Z,114,p2,25,100
2025-04-27T00:00:00.000Z,127,p2,25,100
2025-04-27T02:00:00.000Z,107,p2,28,89
2025-04-27T03:00:00.000Z,103,p2,30,84
2025-04-27T04:00:00.000Z,99,p2,31,84
2025-04-27T05:00:00.000Z,92,p2,33,100
2025-04-27T06:00:00.000Z,70,p2,31,79
2025-04-27T07:00:00.000Z,69,p2,32,66
2025-04-27T08:00:00.000Z,69,p2,32,62
2025-04-27T09:00:00.000Z,102,p2,32,55
2025-04-27T10:00:00.000Z,95,p2,31,58
2025-04-27T11:00:00.000Z,90,p2,31,62
2025-04-27T12:00:00.000Z,101,p2,30,74
2025-04-27T13:00:00.000Z,104,p2,29,84
2025-04-27T14:00:00.000Z,77,p2,29,74
2025-04-27T15:00:00.000Z,67,p2,29,74
2025-04-27T16:00:00.000Z,82,p2,29,74
2025-04-27T17:00:00.000Z,94,p2,28,78
2025-04-27T18:00:00.000Z,89,p2,26,89
2025-04-27T19:00:00.000Z,91,p2,26,89
2025-04-27T20:00:00.000Z,64,p2,25,94
2025-04-27T21:00:00.000Z,90,p2,25,94
2025-04-27T22:00:00.000Z,90,p2,25,94
2025-04-27T23:00:00.000Z,92,p2,24,100
2025-04-28T00:00:00.000Z,93,p2,26,77
2025-04-28T02:00:00.000Z,96,p2,30,75
2025-04-28T03:00:00.000Z,118,p2,30,66
2025-04-28T04:00:00.000Z,75,p2,31,62
2025-04-28T05:00:00.000Z,58,p2,31,62
2025-04-28T06:00:00.000Z,59,p2,31,66
2025-04-28T07:00:00.000Z,62,p2,33,49
2025-04-28T08:00:00.000Z,52,p2,32,58
2025-04-28T10:00:00.000Z,44,p2,30,58
2025-04-28T11:00:00.000Z,49,p2,30,62
2025-04-28T12:00:00.000Z,90,p2,29,70
2025-04-28T13:00:00.000Z,88,p2,29,74
2025-04-28T14:00:00.000Z,72,p2,28,78
2025-04-28T15:00:00.000Z,82,p2,28,78
2025-04-28T16:00:00.000Z,90,p2,28,78
2025-04-28T17:00:00.000Z,92,p2,26,83
2025-04-28T18:00:00.000Z,86,p2,27,78
2025-04-28T19:00:00.000Z,90,p2,26,83
2025-04-28T20:00:00.000Z,94,p2,25,94
2025-04-28T21:00:00.000Z,103,p2,25,88
2025-04-28T22:00:00.000Z,116,p2,24,94
2025-04-28T23:00:00.000Z,156,p2,23,100
2025-04-29T00:00:00.000Z,154,p2,25,80
2025-04-29T02:00:00.000Z,155,p2,29,79
2025-04-29T03:00:00.000Z,111,p2,30,66
2025-04-29T04:00:00.000Z,83,p2,31,62
2025-04-29T05:00:00.000Z,79,p2,33,100
2025-04-29T06:00:00.000Z,84,p2,32,43
2025-04-29T07:00:00.000Z,79,p2,33,49
2025-04-29T08:00:00.000Z,58,p2,33,40
2025-04-29T09:00:00.000Z,49,p2,31,77
2025-04-29T10:00:00.000Z,69,p2,31,45
2025-04-29T11:00:00.000Z,71,p2,31,51
2025-04-29T12:00:00.000Z,54,p2,30,62
2025-04-29T13:00:00.000Z,72,p2,30,62
2025-04-29T14:00:00.000Z,52,p2,29,79
2025-04-29T15:00:00.000Z,82,p2,28,74
2025-04-29T16:00:00.000Z,88,p2,28,78
2025-04-29T17:00:00.000Z,89,p2,27,78
2025-04-29T18:00:00.000Z,111,p2,27,78
2025-04-29T19:00:00.000Z,119,p2,25,88
2025-04-29T20:00:00.000Z,98,p2,25,88
2025-04-29T21:00:00.000Z,120,p2,24,94
2025-04-29T22:00:00.000Z,104,p2,24,94
2025-04-29T23:00:00.000Z,109,p2,24,94
2025-04-30T00:00:00.000Z,111,p2,26,81
2025-04-30T02:00:00.000Z,99,p2,29,79
2025-04-30T03:00:00.000Z,97,p2,31,63
2025-04-30T04:00:00.000Z,90,p2,31,55
2025-04-30T05:00:00.000Z,84,p2,33,47
2025-04-30T06:00:00.000Z,71,p2,34,44
2025-04-30T07:00:00.000Z,62,p2,34,45
2025-04-30T08:00:00.000Z,54,p2,33,46
2025-04-30T09:00:00.000Z,54,p2,32,55
2025-04-30T10:00:00.000Z,52,p2,31,62
2025-04-30T11:00:00.000Z,43,o3,30,65
2025-04-30T12:00:00.000Z,43,o3,28,74
2025-04-30T13:00:00.000Z,93,p2,28,78
2025-04-30T14:00:00.000Z,67,p2,28,78
2025-04-30T15:00:00.000Z,54,p2,27,83
2025-04-30T16:00:00.000Z,56,p2,28,83
2025-04-30T17:00:00.000Z,78,p2,27,82
2025-04-30T18:00:00.000Z,82,p2,27,83
2025-04-30T19:00:00.000Z,78,p2,27,83
2025-04-30T20:00:00.000Z,74,p2,26,89
2025-04-30T21:00:00.000Z,106,p2,25,88
2025-04-30T22:00:00.000Z,113,p2,25,100
2025-04-30T23:00:00.000Z,120,p2,25,100
2025-05-01T00:00:00.000Z,129,p2,26,82
2025-05-01T02:00:00.000Z,137,p2,30,84
2025-05-01T03:00:00.000Z,116,p2,30,84
2025-05-01T04:00:00.000Z,124,p2,33,59
2025-05-01T05:00:00.000Z,111,p2,33,60
2025-05-01T06:00:00.000Z,84,p2,31,74
2025-05-01T07:00:00.000Z,129,p2,32,66
2025-05-01T08:00:00.000Z,152,p2,32,58
2025-05-01T09:00:00.000Z,120,p2,30,68
2025-05-01T10:00:00.000Z,116,p2,30,73
2025-05-01T11:00:00.000Z,84,p2,30,73
2025-05-01T12:00:00.000Z,133,p2,29,76
2025-05-01T13:00:00.000Z,87,p2,28,89
2025-05-01T14:00:00.000Z,111,p2,26,90
2025-05-01T15:00:00.000Z,97,p2,26,100
2025-05-01T16:00:00.000Z,93,p2,26,100
2025-05-01T17:00:00.000Z,63,p2,26,100
2025-05-01T18:00:00.000Z,75,p2,26,100
2025-05-01T19:00:00.000Z,99,p2,26,100
2025-05-01T20:00:00.000Z,57,p1,25,100
2025-05-01T21:00:00.000Z,79,p2,26,100
2025-05-01T22:00:00.000Z,56,p2,26,100
2025-05-01T23:00:00.000Z,65,p2,26,100
2025-05-02T00:00:00.000Z,74,p2,25,96
2025-05-02T02:00:00.000Z,64,p2,26,89
2025-05-02T03:00:00.000Z,63,p2,30,78
2025-05-02T04:00:00.000Z,58,p2,32,66
2025-05-02T04:00:00.000Z,59,p2,33,60
2025-05-02T06:00:00.000Z,58,p2,32,66
2025-05-02T06:00:00.000Z,58,p2,30,84
2025-05-02T08:00:00.000Z,64,p2,28,83
2025-05-02T09:00:00.000Z,59,p2,28,84
2025-05-02T09:00:00.000Z,54,p2,28,80
2025-05-02T10:00:00.000Z,62,p2,27,82
2025-05-02T12:00:00.000Z,63,p2,27,84
2025-05-02T13:00:00.000Z,63,p2,27,85
2025-05-02T13:00:00.000Z,63,p2,27,88
2025-05-02T15:00:00.000Z,62,p2,26,91
2025-05-02T16:00:00.000Z,69,p2,28,89
2025-05-02T16:00:00.000Z,69,p2,27,94
2025-05-02T18:00:00.000Z,79,p2,26,90
2025-05-02T18:00:00.000Z,79,p2,25,100
2025-05-02T20:00:00.000Z,60,p2,25,100
2025-05-02T21:00:00.000Z,62,p2,25,100
2025-05-02T22:00:00.000Z,70,p2,26,100
2025-05-02T23:00:00.000Z,73,p2,26,100
2025-05-03T00:00:00.000Z,74,p2,27,100
2025-05-03T02:00:00.000Z,66,p2,29,79
2025-05-03T03:00:00.000Z,69,p2,30,79
2025-05-03T04:00:00.000Z,62,p2,30,79
2025-05-03T05:00:00.000Z,60,p2,31,74
2025-05-03T06:00:00.000Z,62,p2,31,79
2025-05-03T07:00:00.000Z,66,p2,31,79
2025-05-03T08:00:00.000Z,54,p2,30,79
2025-05-03T09:00:00.000Z,57,p2,29,84
2025-05-03T10:00:00.000Z,56,p2,30,84
2025-05-03T11:00:00.000Z,54,p2,29,84
2025-05-03T12:00:00.000Z,58,p2,28,89
2025-05-03T13:00:00.000Z,59,p2,28,89
2025-05-03T14:00:00.000Z,64,p2,28,94
2025-05-03T15:00:00.000Z,58,p2,29,89
2025-05-03T16:00:00.000Z,69,p2,29,89
2025-05-03T17:00:00.000Z,75,p2,28,94
2025-05-03T18:00:00.000Z,75,p2,27,89
2025-05-03T19:00:00.000Z,0,p2,27,94
2025-05-03T20:00:00.000Z,65,p2,26,100
2025-05-03T21:00:00.000Z,113,p2,27,100
2025-05-03T22:00:00.000Z,66,p2,27,100
2025-05-03T23:00:00.000Z,73,p2,27,100
2025-05-04T00:00:00.000Z,71,p2,28,89
2025-05-04T02:00:00.000Z,66,p2,30,79
2025-05-04T03:00:00.000Z,66,p2,30,79
2025-05-04T04:00:00.000Z,54,p2,30,79
2025-05-04T05:00:00.000Z,53,p2,31,74
2025-05-04T06:00:00.000Z,49,p2,31,79
2025-05-04T07:00:00.000Z,47,p2,31,74
2025-05-04T08:00:00.000Z,44,p2,30,79
2025-05-04T09:00:00.000Z,57,p2,30,84
2025-05-04T10:00:00.000Z,55,p2,29,89
2025-05-04T11:00:00.000Z,61,p2,29,89
2025-05-04T12:00:00.000Z,60,p2,29,89
2025-05-04T13:00:00.000Z,58,p2,29,84
2025-05-04T14:00:00.000Z,62,p2,29,89
2025-05-04T15:00:00.000Z,62,p2,28,94
2025-05-04T16:00:00.000Z,73,p2,28,94
2025-05-04T17:00:00.000Z,52,p2,28,94
2025-05-04T18:00:00.000Z,55,p2,27,90
2025-05-04T19:00:00.000Z,72,p2,26,90
2025-05-04T20:00:00.000Z,75,p2,26,86
2025-05-04T21:00:00.000Z,33,p2,26,88
2025-05-04T22:00:00.000Z,69,p2,25,100
2025-05-04T23:00:00.000Z,56,p2,25,100
2025-05-05T00:00:00.000Z,69,p2,26,100
2025-05-05T02:00:00.000Z,75,p2,30,84
2025-05-05T03:00:00.000Z,62,p2,31,79
2025-05-05T04:00:00.000Z,64,p2,31,74
2025-05-05T05:00:00.000Z,59,p2,31,79
2025-05-05T06:00:00.000Z,60,p2,31,79
2025-05-05T07:00:00.000Z,54,p2,32,70
2025-05-05T08:00:00.000Z,52,p2,31,74
2025-05-05T09:00:00.000Z,49,p2,29,79
2025-05-05T10:00:00.000Z,52,p2,29,79
2025-05-05T11:00:00.000Z,38,p2,29,84
2025-05-05T12:00:00.000Z,84,p2,28,89
2025-05-05T13:00:00.000Z,77,p2,28,94
2025-05-05T14:00:00.000Z,82,p2,28,94
2025-05-05T15:00:00.000Z,84,p2,28,94
2025-05-05T16:00:00.000Z,81,p2,28,89
2025-05-05T17:00:00.000Z,97,p2,27,94
2025-05-05T18:00:00.000Z,109,p2,27,94
2025-05-05T19:00:00.000Z,109,p2,26,100
2025-05-05T20:00:00.000Z,153,p2,26,100
2025-05-05T21:00:00.000Z,123,p2,26,94
2025-05-05T22:00:00.000Z,129,p2,26,100
2025-05-05T23:00:00.000Z,133,p2,25,100
2025-05-06T00:00:00.000Z,161,p2,26,100
2025-05-06T02:00:00.000Z,139,p2,32,72
2025-05-06T03:00:00.000Z,139,p2,31,79
2025-05-06T04:00:00.000Z,127,p2,31,84
2025-05-06T05:00:00.000Z,127,p2,32,79
2025-05-06T06:00:00.000Z,125,p2,30,77
2025-05-06T07:00:00.000Z,111,p2,33,66
2025-05-06T08:00:00.000Z,75,p2,31,70
2025-05-06T09:00:00.000Z,64,p2,31,70
2025-05-06T10:00:00.000Z,66,p2,31,70
2025-05-06T11:00:00.000Z,71,p2,28,85
2025-05-06T12:00:00.000Z,86,p2,27,86
2025-05-06T13:00:00.000Z,102,p2,27,88
2025-05-06T14:00:00.000Z,93,p2,26,89
2025-05-06T15:00:00.000Z,106,p2,27,94
2025-05-06T16:00:00.000Z,118,p2,26,89
2025-05-06T16:00:00.000Z,118,p2,26,100
2025-05-06T18:00:00.000Z,128,p2,26,100
2025-05-06T18:00:00.000Z,128,p2,25,92
2025-05-06T20:00:00.000Z,158,p2,25,100
2025-05-06T20:00:00.000Z,158,p2,25,100
2025-05-06T22:00:00.000Z,118,p2,25,100
2025-05-06T22:00:00.000Z,118,p2,25,100
2025-05-07T00:00:00.000Z,164,p2,26,100
2025-05-07T02:00:00.000Z,162,p2,30,84
2025-05-07T03:00:00.000Z,121,p2,32,64
2025-05-07T04:00:00.000Z,99,p2,34,59
2025-05-07T05:00:00.000Z,58,p2,34,57
2025-05-07T06:00:00.000Z,47,p2,32,70
2025-05-07T07:00:00.000Z,41,p2,32,66
2025-05-07T08:00:00.000Z,58,p2,31,70
2025-05-07T09:00:00.000Z,65,p2,30,77
2025-05-07T10:00:00.000Z,56,p2,30,76
2025-05-07T11:00:00.000Z,61,p2,30,76
2025-05-07T12:00:00.000Z,59,p2,28,81
2025-05-07T13:00:00.000Z,56,p2,29,83
2025-05-07T14:00:00.000Z,56,p2,27,85
2025-05-07T15:00:00.000Z,30,p2,27,84
2025-05-07T16:00:00.000Z,54,p2,26,87
2025-05-07T17:00:00.000Z,56,p2,27,89
2025-05-07T18:00:00.000Z,66,p2,26,94
2025-05-07T19:00:00.000Z,80,p2,26,88
2025-05-07T20:00:00.000Z,120,p2,26,94
2025-05-07T21:00:00.000Z,135,p2,27,89
2025-05-07T22:00:00.000Z,136,p2,26,94
2025-05-07T23:00:00.000Z,143,p2,26,100
2025-05-08T00:00:00.000Z,159,p2,26,100
2025-05-08T02:00:00.000Z,114,p2,31,71
2025-05-08T03:00:00.000Z,97,p2,33,71
2025-05-08T04:00:00.000Z,88,p2,30,78
2025-05-08T05:00:00.000Z,78,p2,28,83
2025-05-08T06:00:00.000Z,71,p2,31,79
2025-05-08T07:00:00.000Z,66,p2,29,84
2025-05-08T08:00:00.000Z,60,p2,28,89
2025-05-08T09:00:00.000Z,55,p1,28,83
2025-05-08T10:00:00.000Z,54,p2,28,89
2025-05-08T11:00:00.000Z,91,p2,27,85
2025-05-08T12:00:00.000Z,72,p2,27,94
2025-05-08T13:00:00.000Z,82,p2,28,89
2025-05-08T14:00:00.000Z,85,p2,28,89
2025-05-08T15:00:00.000Z,86,p2,28,89
2025-05-08T16:00:00.000Z,84,p2,28,94
2025-05-08T17:00:00.000Z,81,p2,27,100
2025-05-08T18:00:00.000Z,52,p2,27,100
2025-05-08T19:00:00.000Z,56,p2,26,100
2025-05-08T20:00:00.000Z,67,p2,27,94
2025-05-08T21:00:00.000Z,80,p2,27,94
2025-05-08T22:00:00.000Z,68,p2,26,100
2025-05-08T23:00:00.000Z,85,p2,25,95
2025-05-09T00:00:00.000Z,112,p2,25,100
2025-05-09T02:00:00.000Z,81,p2,30,89
2025-05-09T03:00:00.000Z,84,p2,29,83
2025-05-09T04:00:00.000Z,58,p2,25,94
2025-05-09T05:00:00.000Z,62,o3,31,79
2025-05-09T06:00:00.000Z,65,p2,29,84
2025-05-09T07:00:00.000Z,69,o3,28,83
2025-05-09T08:00:00.000Z,73,o3,29,84
2025-05-09T09:00:00.000Z,76,o3,28,94
2025-05-09T10:00:00.000Z,80,o3,28,89
2025-05-09T11:00:00.000Z,80,o3,27,94
2025-05-09T12:00:00.000Z,77,o3,27,89
2025-05-09T13:00:00.000Z,88,p2,27,94
2025-05-09T14:00:00.000Z,70,p2,26,89
2025-05-09T15:00:00.000Z,69,o3,25,94
2025-05-09T16:00:00.000Z,70,o3,25,94
2025-05-09T17:00:00.000Z,70,o3,25,94
2025-05-09T18:00:00.000Z,80,p2,25,94
2025-05-09T19:00:00.000Z,77,p2,25,94
2025-05-09T20:00:00.000Z,81,p2,25,94
2025-05-09T21:00:00.000Z,83,p2,25,100
2025-05-09T22:00:00.000Z,91,p2,25,100
2025-05-09T23:00:00.000Z,89,p2,25,100
2025-05-10T00:00:00.000Z,104,p2,25,94
2025-05-10T02:00:00.000Z,97,p2,28,89
2025-05-10T03:00:00.000Z,94,p2,29,84
2025-05-10T04:00:00.000Z,81,p2,30,84
2025-05-10T05:00:00.000Z,75,o3,31,74
2025-05-10T06:00:00.000Z,75,o3,31,74
2025-05-10T07:00:00.000Z,75,o3,31,74
2025-05-10T08:00:00.000Z,76,o3,32,66
2025-05-10T09:00:00.000Z,85,p2,31,74
2025-05-10T10:00:00.000Z,76,o3,30,74
2025-05-10T11:00:00.000Z,79,p2,29,84
2025-05-10T12:00:00.000Z,82,p2,29,84
2025-05-10T13:00:00.000Z,88,p2,26,100
2025-05-10T14:00:00.000Z,82,p2,25,100
2025-05-10T15:00:00.000Z,79,o3,26,100
2025-05-10T16:00:00.000Z,80,o3,26,100
2025-05-10T17:00:00.000Z,80,o3,26,100
2025-05-10T18:00:00.000Z,87,p2,26,100
2025-05-10T19:00:00.000Z,81,o3,26,100
2025-05-10T20:00:00.000Z,88,p2,26,100
2025-05-10T21:00:00.000Z,87,p2,26,100
2025-05-10T22:00:00.000Z,89,p2,26,100
2025-05-10T23:00:00.000Z,83,o3,26,100
2025-05-11T00:00:00.000Z,84,o3,26,100
2025-05-11T02:00:00.000Z,84,o3,29,89
2025-05-11T03:00:00.000Z,85,o3,30,79
2025-05-11T04:00:00.000Z,85,o3,31,74
2025-05-11T05:00:00.000Z,85,o3,31,74
2025-05-11T06:00:00.000Z,85,o3,31,74
2025-05-11T07:00:00.000Z,86,o3,31,74
2025-05-11T08:00:00.000Z,86,o3,31,74
2025-05-11T09:00:00.000Z,86,p2,30,84
2025-05-11T10:00:00.000Z,86,o3,26,100
2025-05-11T11:00:00.000Z,86,o3,27,100
2025-05-11T12:00:00.000Z,87,o3,27,100
2025-05-11T13:00:00.000Z,87,o3,24,100
2025-05-11T14:00:00.000Z,87,o3,24,100
2025-05-11T15:00:00.000Z,87,o3,25,100
2025-05-11T16:00:00.000Z,87,o3,25,100
2025-05-11T17:00:00.000Z,87,o3,25,100
2025-05-11T18:00:00.000Z,88,o3,25,100
2025-05-11T19:00:00.000Z,88,o3,25,100
2025-05-11T20:00:00.000Z,88,o3,25,100
2025-05-11T21:00:00.000Z,88,o3,25,100
2025-05-11T22:00:00.000Z,88,o3,25,100
2025-05-11T23:00:00.000Z,88,o3,25,100
2025-05-12T00:00:00.000Z,88,o3,25,100
2025-05-12T02:00:00.000Z,89,o3,28,94
2025-05-12T03:00:00.000Z,89,o3,28,94
2025-05-12T04:00:00.000Z,89,o3,30,79
2025-05-12T05:00:00.000Z,89,o3,30,84
2025-05-12T06:00:00.000Z,89,o3,30,84
2025-05-12T07:00:00.000Z,89,o3,30,84
2025-05-12T08:00:00.000Z,89,o3,29,89
2025-05-12T09:00:00.000Z,89,o3,29,84
2025-05-12T10:00:00.000Z,89,o3,29,79
2025-05-12T11:00:00.000Z,90,o3,26,93
2025-05-12T12:00:00.000Z,90,o3,26,93
2025-05-12T13:00:00.000Z,90,o3,26,93
2025-05-12T14:00:00.000Z,90,o3,25,95
2025-05-12T15:00:00.000Z,90,o3,25,96
2025-05-12T16:00:00.000Z,90,o3,25,93
2025-05-12T17:00:00.000Z,90,o3,25,94
2025-05-12T18:00:00.000Z,90,o3,25,96
2025-05-12T19:00:00.000Z,90,o3,25,96
2025-05-12T20:00:00.000Z,90,o3,25,95
2025-05-12T21:00:00.000Z,90,o3,25,96
2025-05-12T22:00:00.000Z,90,o3,25,96
2025-05-12T23:00:00.000Z,91,o3,25,96
2025-05-13T00:00:00.000Z,91,o3,26,92
2025-05-13T02:00:00.000Z,91,o3,27,93
2025-05-13T03:00:00.000Z,91,o3,27,92
2025-05-13T04:00:00.000Z,91,o3,28,84
2025-05-13T05:00:00.000Z,91,o3,30,81
2025-05-13T06:00:00.000Z,91,o3,29,80
2025-05-13T07:00:00.000Z,91,o3,30,77
2025-05-13T08:00:00.000Z,91,o3,28,77
2025-05-13T09:00:00.000Z,91,o3,28,79
2025-05-13T10:00:00.000Z,91,o3,27,85
2025-05-13T11:00:00.000Z,91,o3,26,88
2025-05-13T12:00:00.000Z,91,o3,26,89
2025-05-13T13:00:00.000Z,91,o3,26,89
2025-05-13T14:00:00.000Z,91,o3,26,91
2025-05-13T15:00:00.000Z,91,o3,26,94
2025-05-13T16:00:00.000Z,91,o3,26,92
2025-05-13T17:00:00.000Z,91,o3,26,93
2025-05-13T18:00:00.000Z,106,p2,25,95
2025-05-13T19:00:00.000Z,91,o3,25,95
2025-05-13T20:00:00.000Z,109,p2,25,96
2025-05-13T21:00:00.000Z,67,p2,25,97
2025-05-13T22:00:00.000Z,76,p2,25,97
2025-05-13T23:00:00.000Z,85,p2,25,98
2025-05-14T00:00:00.000Z,162,p2,27,90
2025-05-14T02:00:00.000Z,57,p2,30,75
2025-05-14T03:00:00.000Z,62,p2,31,72
2025-05-14T04:00:00.000Z,56,p2,32,72
2025-05-14T05:00:00.000Z,30,p2,32,67
2025-05-14T06:00:00.000Z,50,p2,32,69
2025-05-14T07:00:00.000Z,24,p2,30,71
2025-05-14T08:00:00.000Z,27,p2,28,87
2025-05-14T09:00:00.000Z,24,p2,30,79
2025-05-14T10:00:00.000Z,41,p2,29,80
2025-05-14T11:00:00.000Z,55,p2,28,83
2025-05-14T12:00:00.000Z,55,p2,28,86
2025-05-14T13:00:00.000Z,60,p2,28,87
2025-05-14T14:00:00.000Z,125,p2,27,88
2025-05-14T15:00:00.000Z,63,p2,27,91
2025-05-14T16:00:00.000Z,67,p2,26,90
2025-05-14T17:00:00.000Z,38,p2,26,92
2025-05-14T18:00:00.000Z,44,p2,25,93
2025-05-14T19:00:00.000Z,16,p2,25,94
2025-05-14T20:00:00.000Z,52,p2,25,94
2025-05-14T21:00:00.000Z,41,p2,25,96
2025-05-14T22:00:00.000Z,55,p2,25,95
2025-05-14T23:00:00.000Z,61,p2,25,96
2025-05-15T00:00:00.000Z,102,p2,27,91
2025-05-15T02:00:00.000Z,64,p2,30,79
2025-05-15T03:00:00.000Z,56,p2,30,76
2025-05-15T04:00:00.000Z,41,p2,30,75
2025-05-15T05:00:00.000Z,39,p2,30,75
2025-05-15T06:00:00.000Z,25,p2,30,75
2025-05-15T07:00:00.000Z,17,p2,31,73
2025-05-15T08:00:00.000Z,44,p2,31,71
2025-05-15T09:00:00.000Z,44,p2,30,71
2025-05-15T10:00:00.000Z,55,p2,28,78
2025-05-15T11:00:00.000Z,55,p2,28,82
2025-05-15T12:00:00.000Z,66,p2,27,85
2025-05-15T13:00:00.000Z,77,p2,27,85
2025-05-15T14:00:00.000Z,77,p2,27,88
2025-05-15T15:00:00.000Z,90,p2,27,88
2025-05-15T16:00:00.000Z,90,p2,27,87
2025-05-15T17:00:00.000Z,76,p2,27,87
2025-05-15T18:00:00.000Z,76,p2,27,89
2025-05-15T19:00:00.000Z,77,p2,26,93
2025-05-15T20:00:00.000Z,69,p2,26,94
2025-05-15T21:00:00.000Z,73,p2,26,93
2025-05-15T22:00:00.000Z,72,p2,26,93
2025-05-15T23:00:00.000Z,54,p2,26,94
2025-05-16T00:00:00.000Z,68,p2,27,87
2025-05-16T02:00:00.000Z,64,p2,30,78
2025-05-16T03:00:00.000Z,64,p2,31,71
2025-05-16T04:00:00.000Z,56,p2,31,69
2025-05-16T05:00:00.000Z,95,n2,32,65
2025-05-16T06:00:00.000Z,94,n2,32,66
2025-05-16T07:00:00.000Z,93,n2,31,70
2025-05-16T08:00:00.000Z,91,n2,32,66
2025-05-16T09:00:00.000Z,90,n2,31,73
2025-05-16T10:00:00.000Z,89,n2,30,75
2025-05-16T11:00:00.000Z,89,n2,29,77
2025-05-16T12:00:00.000Z,88,n2,28,77
2025-05-16T13:00:00.000Z,88,n2,28,84
2025-05-16T14:00:00.000Z,87,n2,27,83
2025-05-16T15:00:00.000Z,87,n2,27,83
2025-05-16T16:00:00.000Z,86,n2,27,84
2025-05-16T17:00:00.000Z,85,n2,26,94
2025-05-16T18:00:00.000Z,85,n2,26,94
2025-05-16T19:00:00.000Z,84,n2,26,95
2025-05-16T20:00:00.000Z,88,p2,25,95
2025-05-16T21:00:00.000Z,83,n2,25,96
2025-05-16T22:00:00.000Z,82,n2,25,96
2025-05-16T23:00:00.000Z,81,n2,25,96
2025-05-17T00:00:00.000Z,117,p2,25,96
2025-05-17T02:00:00.000Z,122,p2,27,88
2025-05-17T03:00:00.000Z,119,p2,28,84
2025-05-17T04:00:00.000Z,85,p2,29,76
2025-05-17T05:00:00.000Z,79,n2,30,75
2025-05-17T06:00:00.000Z,79,n2,31,69
2025-05-17T07:00:00.000Z,79,n2,31,71
2025-05-17T08:00:00.000Z,78,n2,29,69
2025-05-17T09:00:00.000Z,78,n2,29,72
2025-05-17T10:00:00.000Z,78,n2,28,79
2025-05-17T11:00:00.000Z,77,o3,28,77
2025-05-17T12:00:00.000Z,79,o3,28,80
2025-05-17T13:00:00.000Z,81,o3,28,82
2025-05-17T14:00:00.000Z,84,o3,27,84
2025-05-17T15:00:00.000Z,86,o3,26,89
2025-05-17T16:00:00.000Z,89,o3,26,88
2025-05-17T17:00:00.000Z,92,o3,26,89
2025-05-17T18:00:00.000Z,92,o3,26,90
2025-05-17T19:00:00.000Z,92,o3,26,91
2025-05-17T20:00:00.000Z,92,o3,26,90
2025-05-17T21:00:00.000Z,92,o3,25,90
2025-05-17T22:00:00.000Z,92,o3,25,93
2025-05-17T23:00:00.000Z,74,n2,25,95
2025-05-18T00:00:00.000Z,74,n2,25,94
2025-05-18T02:00:00.000Z,74,n2,29,79
2025-05-18T03:00:00.000Z,74,n2,31,70
2025-05-18T04:00:00.000Z,74,n2,31,66
2025-05-18T05:00:00.000Z,73,n2,32,70
2025-05-18T06:00:00.000Z,73,n2,32,69
2025-05-18T07:00:00.000Z,72,n2,32,62
2025-05-18T08:00:00.000Z,72,n2,32,76
2025-05-18T09:00:00.000Z,72,n2,30,73
2025-05-18T10:00:00.000Z,72,n2,29,76
2025-05-18T11:00:00.000Z,72,n2,28,80
2025-05-18T12:00:00.000Z,71,n2,28,80
2025-05-18T13:00:00.000Z,71,n2,28,84
2025-05-18T14:00:00.000Z,71,n2,28,86
2025-05-18T15:00:00.000Z,70,n2,28,86
2025-05-18T16:00:00.000Z,70,n2,28,86
2025-05-18T17:00:00.000Z,70,n2,27,89
2025-05-18T18:00:00.000Z,70,n2,26,92
2025-05-18T19:00:00.000Z,122,p2,26,93
2025-05-18T20:00:00.000Z,70,p2,26,96
2025-05-18T21:00:00.000Z,76,p2,25,97
2025-05-18T22:00:00.000Z,115,p2,25,97
2025-05-18T23:00:00.000Z,99,p2,26,94
2025-05-19T00:00:00.000Z,153,p2,26,100
2025-05-19T02:00:00.000Z,110,p2,29,89
2025-05-19T03:00:00.000Z,94,p2,30,84
2025-05-19T04:00:00.000Z,98,p2,31,79
2025-05-19T05:00:00.000Z,75,p2,31,79
2025-05-19T06:00:00.000Z,65,p2,31,74
2025-05-19T07:00:00.000Z,86,p2,30,84
2025-05-19T08:00:00.000Z,67,p2,30,79
2025-05-19T09:00:00.000Z,71,p2,30,79
2025-05-19T10:00:00.000Z,99,p2,27,94
2025-05-19T11:00:00.000Z,101,p2,27,94
2025-05-19T12:00:00.000Z,123,p2,26,100
2025-05-19T13:00:00.000Z,77,p2,25,97
2025-05-19T14:00:00.000Z,55,p2,25,97
2025-05-19T15:00:00.000Z,54,p2,25,97
2025-05-19T16:00:00.000Z,54,p2,25,97
2025-05-19T17:00:00.000Z,63,p2,25,96
2025-05-19T18:00:00.000Z,108,p2,25,96
2025-05-19T19:00:00.000Z,93,p2,24,96
2025-05-19T20:00:00.000Z,96,p2,24,96
2025-05-19T21:00:00.000Z,102,p2,24,96
2025-05-19T22:00:00.000Z,89,p2,24,96
2025-05-19T23:00:00.000Z,93,p2,24,96
2025-05-20T00:00:00.000Z,90,p2,26,88
2025-05-20T02:00:00.000Z,99,p2,30,75
2025-05-20T03:00:00.000Z,91,p2,31,69
2025-05-20T04:00:00.000Z,88,p2,32,71
2025-05-20T05:00:00.000Z,82,p2,31,69
2025-05-20T06:00:00.000Z,73,p2,33,58
2025-05-20T07:00:00.000Z,69,p2,31,65
2025-05-20T08:00:00.000Z,71,p2,30,73
2025-05-20T09:00:00.000Z,71,p2,29,75
2025-05-20T10:00:00.000Z,88,p2,28,79
2025-05-20T11:00:00.000Z,82,p2,30,77
2025-05-20T12:00:00.000Z,78,p2,29,75
2025-05-20T13:00:00.000Z,75,p2,29,78
2025-05-20T14:00:00.000Z,77,p2,28,79
2025-05-20T15:00:00.000Z,62,p2,28,79
2025-05-20T16:00:00.000Z,67,p2,28,80
2025-05-20T17:00:00.000Z,77,p2,27,82
2025-05-20T18:00:00.000Z,74,p2,27,94
2025-05-20T19:00:00.000Z,80,p2,26,100
2025-05-20T20:00:00.000Z,82,p2,26,100
2025-05-20T21:00:00.000Z,116,p2,25,100
2025-05-20T22:00:00.000Z,98,p2,25,100
2025-05-20T23:00:00.000Z,105,p2,25,100
2025-05-21T00:00:00.000Z,115,p2,26,94
2025-05-21T02:00:00.000Z,142,p2,30,74
2025-05-21T03:00:00.000Z,101,p2,30,79
2025-05-21T04:00:00.000Z,83,o3,31,74
2025-05-21T05:00:00.000Z,83,o3,31,74
2025-05-21T06:00:00.000Z,83,o3,31,74
2025-05-21T07:00:00.000Z,69,p2,31,74
2025-05-21T08:00:00.000Z,68,p2,31,74
2025-05-21T09:00:00.000Z,68,p2,31,74
2025-05-21T10:00:00.000Z,65,p2,30,79
2025-05-21T11:00:00.000Z,71,p2,29,84
2025-05-21T12:00:00.000Z,75,p2,29,84
2025-05-21T13:00:00.000Z,68,p2,29,84
2025-05-21T14:00:00.000Z,72,p2,29,84
2025-05-21T15:00:00.000Z,74,p2,28,89
2025-05-21T16:00:00.000Z,73,p2,28,89
2025-05-21T17:00:00.000Z,78,p2,28,89
2025-05-21T18:00:00.000Z,78,p2,27,94
2025-05-21T19:00:00.000Z,77,p2,27,94
2025-05-21T20:00:00.000Z,78,p2,27,94
2025-05-21T21:00:00.000Z,79,p2,26,100
2025-05-21T22:00:00.000Z,83,p2,25,100
2025-05-21T23:00:00.000Z,91,p2,26,94
2025-05-22T00:00:00.000Z,92,p2,26,100
2025-05-22T02:00:00.000Z,127,p2,29,89
2025-05-22T03:00:00.000Z,115,p2,30,79
2025-05-22T04:00:00.000Z,104,p2,31,79
2025-05-22T05:00:00.000Z,106,p2,31,74
2025-05-22T06:00:00.000Z,86,p2,31,74
2025-05-22T07:00:00.000Z,78,p2,31,74
2025-05-22T08:00:00.000Z,87,p2,31,74
2025-05-22T09:00:00.000Z,99,p2,30,79
2025-05-22T10:00:00.000Z,82,p2,30,79
2025-05-22T11:00:00.000Z,84,p2,29,84
2025-05-22T12:00:00.000Z,69,p2,29,79
2025-05-22T13:00:00.000Z,73,p2,29,84
2025-05-22T14:00:00.000Z,88,p2,29,84
2025-05-22T15:00:00.000Z,69,p2,29,89
2025-05-22T16:00:00.000Z,68,p2,29,89
2025-05-22T17:00:00.000Z,66,p2,28,94
2025-05-22T18:00:00.000Z,67,p2,28,94
2025-05-22T19:00:00.000Z,67,p2,27,94
2025-05-22T20:00:00.000Z,88,p2,26,100
2025-05-22T21:00:00.000Z,88,p2,26,100
2025-05-22T22:00:00.000Z,87,p2,26,100
2025-05-22T23:00:00.000Z,85,p2,27,94
2025-05-23T00:00:00.000Z,84,p2,26,94
2025-05-23T02:00:00.000Z,64,p2,26,100
2025-05-23T03:00:00.000Z,69,p2,26,100
2025-05-23T04:00:00.000Z,52,p2,25,100
2025-05-23T05:00:00.000Z,52,p2,25,100
2025-05-23T06:00:00.000Z,78,p2,25,100
2025-05-23T07:00:00.000Z,53,p2,26,100
2025-05-23T08:00:00.000Z,58,p2,26,100
2025-05-23T09:00:00.000Z,58,p2,26,100
2025-05-23T10:00:00.000Z,56,p2,27,94
2025-05-23T11:00:00.000Z,71,p2,26,100
2025-05-23T12:00:00.000Z,82,p2,26,100
2025-05-23T13:00:00.000Z,82,p2,26,100
2025-05-23T14:00:00.000Z,84,p2,26,100
2025-05-23T15:00:00.000Z,87,p2,26,100
2025-05-23T16:00:00.000Z,84,p2,26,100
2025-05-23T17:00:00.000Z,96,p2,26,100
2025-05-23T18:00:00.000Z,96,p2,26,100
2025-05-23T19:00:00.000Z,99,p2,26,100
2025-05-23T20:00:00.000Z,84,p2,26,100
2025-05-23T21:00:00.000Z,63,p2,26,100
2025-05-23T22:00:00.000Z,71,p2,25,100
2025-05-23T23:00:00.000Z,52,p2,25,100
2025-05-24T00:00:00.000Z,55,p2,26,100
2025-05-24T02:00:00.000Z,52,p2,29,89
2025-05-24T03:00:00.000Z,52,p2,28,94
2025-05-24T04:00:00.000Z,36,s2,29,89
2025-05-24T05:00:00.000Z,36,s2,29,89
2025-05-24T06:00:00.000Z,36,s2,29,89
2025-05-24T07:00:00.000Z,36,s2,30,84
2025-05-24T08:00:00.000Z,36,s2,29,84
2025-05-24T09:00:00.000Z,38,p2,30,84
2025-05-24T10:00:00.000Z,36,s2,29,89
2025-05-24T11:00:00.000Z,47,p2,28,94
2025-05-24T12:00:00.000Z,50,p2,27,94
2025-05-24T13:00:00.000Z,56,p2,27,94
2025-05-24T14:00:00.000Z,56,p2,27,94
2025-05-24T15:00:00.000Z,55,p2,27,100
2025-05-24T16:00:00.000Z,55,p2,27,100
2025-05-24T17:00:00.000Z,77,p2,27,100
2025-05-24T18:00:00.000Z,54,p2,27,100
2025-05-24T19:00:00.000Z,57,p2,27,100
2025-05-24T20:00:00.000Z,56,p2,27,100
2025-05-24T21:00:00.000Z,71,p2,27,100
2025-05-24T22:00:00.000Z,58,p2,26,100
2025-05-24T23:00:00.000Z,57,p2,26,100
2025-05-25T00:00:00.000Z,63,p2,27,100
2025-05-25T02:00:00.000Z,57,p2,29,89
2025-05-25T03:00:00.000Z,60,p2,29,89
2025-05-25T04:00:00.000Z,58,p2,31,84
2025-05-25T05:00:00.000Z,38,p2,26,100
2025-05-25T06:00:00.000Z,49,p2,30,84
2025-05-25T07:00:00.000Z,59,p2,30,84
2025-05-25T08:00:00.000Z,58,p2,31,79
2025-05-25T09:00:00.000Z,38,p2,29,94
2025-05-25T10:00:00.000Z,52,p2,29,94
2025-05-25T11:00:00.000Z,44,p2,29,89
2025-05-25T12:00:00.000Z,52,p2,29,94
2025-05-25T13:00:00.000Z,62,p2,29,94
2025-05-25T14:00:00.000Z,63,p2,28,94
2025-05-25T15:00:00.000Z,64,p2,27,100
2025-05-25T16:00:00.000Z,65,p2,27,100
2025-05-25T17:00:00.000Z,65,p2,26,100
2025-05-25T18:00:00.000Z,71,p2,26,100
2025-05-25T19:00:00.000Z,75,p2,26,100
2025-05-25T20:00:00.000Z,79,p2,26,100
2025-05-25T21:00:00.000Z,81,p2,26,100
2025-05-25T22:00:00.000Z,77,p2,26,100
2025-05-25T23:00:00.000Z,85,p2,27,100
2025-05-26T00:00:00.000Z,75,p2,27,100
2025-05-26T02:00:00.000Z,68,p2,29,100
2025-05-26T03:00:00.000Z,56,p2,30,89
2025-05-26T04:00:00.000Z,63,p2,30,89
2025-05-26T05:00:00.000Z,55,p2,29,84
2025-05-26T06:00:00.000Z,38,p2,26,100
2025-05-26T07:00:00.000Z,61,p2,26,100
2025-05-26T08:00:00.000Z,65,p2,26,100
2025-05-26T09:00:00.000Z,67,p2,26,100
2025-05-26T11:00:00.000Z,79,p2,26,100
2025-05-26T12:00:00.000Z,79,p2,26,100
2025-05-26T13:00:00.000Z,80,p2,25,100
2025-05-26T14:00:00.000Z,69,p2,25,100
2025-05-26T15:00:00.000Z,84,p2,25,100
2025-05-26T16:00:00.000Z,64,p2,25,100
2025-05-26T17:00:00.000Z,78,p2,25,100
2025-05-26T18:00:00.000Z,91,p2,25,100
2025-05-26T19:00:00.000Z,88,p2,24,100
2025-05-26T20:00:00.000Z,99,p2,24,100
2025-05-26T21:00:00.000Z,111,p2,24,100
2025-05-26T22:00:00.000Z,107,p2,24,100
2025-05-26T23:00:00.000Z,101,p2,24,100
2025-05-27T00:00:00.000Z,151,p2,25,100
2025-05-27T02:00:00.000Z,125,p2,27,100
2025-05-27T03:00:00.000Z,117,p2,28,94
2025-05-27T04:00:00.000Z,120,p2,29,89
2025-05-27T05:00:00.000Z,93,p2,29,89
2025-05-27T06:00:00.000Z,99,p2,29,89
2025-05-27T07:00:00.000Z,89,p2,30,84
2025-05-27T08:00:00.000Z,102,p2,30,84
2025-05-27T09:00:00.000Z,103,p2,31,79
2025-05-27T10:00:00.000Z,104,p2,30,89
2025-05-27T11:00:00.000Z,118,p2,28,100
2025-05-27T12:00:00.000Z,121,p2,28,94
2025-05-27T13:00:00.000Z,128,p2,28,100
2025-05-27T14:00:00.000Z,138,p2,27,100
2025-05-27T15:00:00.000Z,109,p2,27,100
2025-05-27T16:00:00.000Z,140,p2,27,100
2025-05-27T17:00:00.000Z,120,p2,27,100
2025-05-27T18:00:00.000Z,114,p2,27,100
2025-05-27T19:00:00.000Z,118,p2,27,94
2025-05-27T20:00:00.000Z,143,p2,27,100
2025-05-27T21:00:00.000Z,144,p2,27,100
2025-05-27T22:00:00.000Z,140,p2,27,100
2025-05-27T23:00:00.000Z,150,p2,27,100
2025-05-28T00:00:00.000Z,141,p2,27,100
2025-05-28T02:00:00.000Z,133,p2,28,100
2025-05-28T03:00:00.000Z,152,p2,28,94
2025-05-28T04:00:00.000Z,97,p2,29,89
2025-05-28T05:00:00.000Z,113,p2,30,89
2025-05-28T06:00:00.000Z,73,p2,31,84
2025-05-28T07:00:00.000Z,70,p2,31,84
2025-05-28T08:00:00.000Z,68,p2,31,84
2025-05-28T09:00:00.000Z,66,p2,31,84
2025-05-28T10:00:00.000Z,65,p2,30,84
2025-05-28T11:00:00.000Z,63,p2,29,89
2025-05-28T12:00:00.000Z,93,p2,28,94
2025-05-28T13:00:00.000Z,135,p2,28,94
2025-05-28T14:00:00.000Z,91,p2,28,94
2025-05-28T15:00:00.000Z,89,p2,29,94
2025-05-28T16:00:00.000Z,115,p2,28,94
2025-05-28T17:00:00.000Z,105,p2,28,100
2025-05-28T18:00:00.000Z,77,p2,28,94
2025-05-28T19:00:00.000Z,77,p2,28,94
2025-05-28T20:00:00.000Z,99,p2,28,94
2025-05-28T21:00:00.000Z,75,p2,27,100
2025-05-28T22:00:00.000Z,75,p2,27,100
2025-05-28T23:00:00.000Z,66,p2,27,100
2025-05-29T00:00:00.000Z,97,p2,27,100
2025-05-29T02:00:00.000Z,92,p2,30,89
2025-05-29T03:00:00.000Z,78,p2,31,84
2025-05-29T04:00:00.000Z,73,p2,31,79
2025-05-29T05:00:00.000Z,66,p2,32,74
2025-05-29T06:00:00.000Z,70,p2,32,74
2025-05-29T07:00:00.000Z,71,p2,32,79
2025-05-29T08:00:00.000Z,69,p2,31,79
2025-05-29T09:00:00.000Z,73,p2,31,79
2025-05-29T10:00:00.000Z,78,p2,31,74
2025-05-29T11:00:00.000Z,79,p2,29,84
2025-05-29T12:00:00.000Z,92,p2,29,84
2025-05-29T13:00:00.000Z,68,p2,29,89
2025-05-29T14:00:00.000Z,66,p2,29,89
2025-05-29T15:00:00.000Z,67,p2,28,94
2025-05-29T16:00:00.000Z,84,p2,29,89
2025-05-29T17:00:00.000Z,99,p2,28,89
2025-05-29T18:00:00.000Z,92,p2,27,89
2025-05-29T19:00:00.000Z,71,p2,27,89
2025-05-29T20:00:00.000Z,83,p2,26,100
2025-05-29T21:00:00.000Z,91,p2,26,100
2025-05-29T22:00:00.000Z,66,p2,26,100
2025-05-29T23:00:00.000Z,71,p2,26,100
2025-05-30T00:00:00.000Z,84,p2,26,100
2025-05-30T02:00:00.000Z,81,p2,29,89
2025-05-30T03:00:00.000Z,74,p2,31,79
2025-05-30T04:00:00.000Z,77,p2,31,79
2025-05-30T05:00:00.000Z,66,p2,32,79
2025-05-30T06:00:00.000Z,73,p2,32,79
2025-05-30T07:00:00.000Z,80,p2,33,70
2025-05-30T08:00:00.000Z,90,p2,32,74
2025-05-30T09:00:00.000Z,92,p2,31,70
2025-05-30T10:00:00.000Z,92,p2,31,70
2025-05-30T11:00:00.000Z,81,p2,30,79
2025-05-30T12:00:00.000Z,97,p2,29,89
2025-05-30T13:00:00.000Z,97,p2,29,89
2025-05-30T14:00:00.000Z,82,p2,28,94
2025-05-30T15:00:00.000Z,96,p2,28,94
2025-05-30T16:00:00.000Z,96,p2,28,94
2025-05-30T17:00:00.000Z,94,p2,28,94
2025-05-30T18:00:00.000Z,98,p2,28,94
2025-05-30T19:00:00.000Z,99,p2,28,100
2025-05-30T20:00:00.000Z,105,p2,27,100
2025-05-30T21:00:00.000Z,119,p2,26,100
2025-05-30T22:00:00.000Z,157,p2,26,100
2025-05-30T23:00:00.000Z,121,p2,26,100
2025-05-31T00:00:00.000Z,180,p2,26,100
2025-05-31T02:00:00.000Z,157,p2,30,89
2025-05-31T03:00:00.000Z,151,p2,30,89
2025-05-31T04:00:00.000Z,141,p2,31,84
2025-05-31T05:00:00.000Z,139,p2,32,79
2025-05-31T06:00:00.000Z,103,p2,32,74
2025-05-31T07:00:00.000Z,75,p2,33,66
2025-05-31T08:00:00.000Z,58,p2,32,66
2025-05-31T09:00:00.000Z,56,p1,28,83
2025-05-31T10:00:00.000Z,60,p2,29,74
2025-05-31T11:00:00.000Z,88,p2,27,94
2025-05-31T12:00:00.000Z,145,p2,27,94
2025-05-31T13:00:00.000Z,144,p2,26,100
2025-05-31T14:00:00.000Z,89,p2,26,100
2025-05-31T15:00:00.000Z,91,p2,26,100
2025-05-31T16:00:00.000Z,120,p2,26,100
2025-05-31T17:00:00.000Z,90,p2,26,100
2025-05-31T18:00:00.000Z,92,p2,26,100
2025-05-31T19:00:00.000Z,94,p2,26,100
2025-05-31T20:00:00.000Z,118,p2,26,100
2025-05-31T21:00:00.000Z,142,p2,25,100
2025-05-31T22:00:00.000Z,123,p2,26,100
2025-05-31T23:00:00.000Z,129,p2,26,100
2025-06-01T00:00:00.000Z,116,p2,26,100
2025-06-01T03:00:00.000Z,111,p2,31,79
2025-06-01T04:00:00.000Z,96,p2,31,84
2025-06-01T05:00:00.000Z,89,p2,31,79
2025-06-01T06:00:00.000Z,67,p2,31,79
2025-06-01T07:00:00.000Z,62,p2,31,74
2025-06-01T08:00:00.000Z,72,p2,30,79
2025-06-01T09:00:00.000Z,101,p2,30,89
2025-06-01T10:00:00.000Z,71,p2,29,94
2025-06-01T11:00:00.000Z,67,p2,28,94
2025-06-01T12:00:00.000Z,67,p2,28,94
2025-06-01T13:00:00.000Z,62,p2,28,94
2025-06-01T14:00:00.000Z,53,p2,28,94
2025-06-01T15:00:00.000Z,60,p2,28,94
2025-06-01T16:00:00.000Z,69,p2,27,100
2025-06-01T17:00:00.000Z,69,p2,27,100
2025-06-01T18:00:00.000Z,89,p2,26,100
2025-06-01T19:00:00.000Z,104,p2,26,100
2025-06-01T20:00:00.000Z,102,p2,26,100
2025-06-01T21:00:00.000Z,118,p2,25,100
2025-06-01T22:00:00.000Z,152,p2,26,94
2025-06-01T23:00:00.000Z,154,p2,25,100
2025-06-02T00:00:00.000Z,157,p2,26,100
2025-06-02T02:00:00.000Z,139,p2,29,89
2025-06-02T03:00:00.000Z,128,p2,30,79
2025-06-02T04:00:00.000Z,117,p2,31,74
2025-06-02T05:00:00.000Z,90,p2,32,74
2025-06-02T06:00:00.000Z,60,p2,32,74
2025-06-02T07:00:00.000Z,58,p2,32,70
2025-06-02T08:00:00.000Z,71,p2,30,74
2025-06-02T09:00:00.000Z,73,p2,30,79
2025-06-02T10:00:00.000Z,66,p2,29,89
2025-06-02T11:00:00.000Z,58,p2,29,89
2025-06-02T12:00:00.000Z,74,p2,28,89
2025-06-02T13:00:00.000Z,71,p2,28,94
2025-06-02T14:00:00.000Z,61,p2,28,94
2025-06-02T15:00:00.000Z,62,p2,28,94
2025-06-02T16:00:00.000Z,60,p2,28,89
2025-06-02T17:00:00.000Z,55,p2,28,94
2025-06-02T18:00:00.000Z,58,p2,27,100
2025-06-02T19:00:00.000Z,65,p2,27,94
2025-06-02T20:00:00.000Z,77,p2,27,94
2025-06-02T21:00:00.000Z,113,p2,27,94
2025-06-02T22:00:00.000Z,93,p2,27,94
2025-06-02T23:00:00.000Z,175,p2,26,100
2025-06-03T00:00:00.000Z,187,p2,26,94
2025-06-03T02:00:00.000Z,164,p2,29,89
2025-06-03T03:00:00.000Z,126,p2,31,74
2025-06-03T04:00:00.000Z,95,p2,31,70
2025-06-03T05:00:00.000Z,66,p2,32,62
2025-06-03T06:00:00.000Z,53,p2,32,62
2025-06-03T07:00:00.000Z,61,p2,32,70
2025-06-03T08:00:00.000Z,58,p2,31,74
2025-06-03T09:00:00.000Z,54,p2,31,70
2025-06-03T10:00:00.000Z,52,p2,30,74
2025-06-03T11:00:00.000Z,49,p2,28,83
2025-06-03T12:00:00.000Z,44,p2,28,89
2025-06-03T13:00:00.000Z,64,p2,29,84
2025-06-03T14:00:00.000Z,58,p2,29,89
2025-06-03T15:00:00.000Z,68,p2,29,89
2025-06-03T16:00:00.000Z,73,p2,28,94
2025-06-03T17:00:00.000Z,62,p2,28,94
2025-06-03T18:00:00.000Z,62,p2,28,94
2025-06-03T19:00:00.000Z,61,p2,27,100
2025-06-03T20:00:00.000Z,61,p2,27,100
2025-06-03T21:00:00.000Z,36,p2,27,100
2025-06-03T22:00:00.000Z,58,p2,27,100
2025-06-03T23:00:00.000Z,66,p2,26,100
2025-06-04T00:00:00.000Z,169,p2,26,100
2025-06-04T02:00:00.000Z,116,p2,29,94
2025-06-04T03:00:00.000Z,107,p2,30,89
2025-06-04T04:00:00.000Z,73,p2,31,84
2025-06-04T05:00:00.000Z,52,p2,31,79
2025-06-04T06:00:00.000Z,57,p1,31,84
2025-06-04T07:00:00.000Z,56,p1,32,74
2025-06-04T08:00:00.000Z,55,p1,32,70
2025-06-04T09:00:00.000Z,54,p1,30,74
2025-06-04T10:00:00.000Z,53,p1,30,79
2025-06-04T11:00:00.000Z,53,p1,29,84
2025-06-04T12:00:00.000Z,60,p2,28,89
2025-06-04T13:00:00.000Z,64,p2,27,94
2025-06-04T14:00:00.000Z,51,p1,28,89
2025-06-04T15:00:00.000Z,76,p2,28,89
2025-06-04T16:00:00.000Z,87,p2,28,89
2025-06-04T17:00:00.000Z,58,p2,28,89
2025-06-04T18:00:00.000Z,89,p2,27,94
2025-06-04T19:00:00.000Z,60,p2,27,94
2025-06-04T20:00:00.000Z,86,p2,26,100
2025-06-04T21:00:00.000Z,98,p2,26,94
2025-06-04T22:00:00.000Z,165,p2,26,94
2025-06-04T23:00:00.000Z,158,p2,25,100
2025-06-05T00:00:00.000Z,180,p2,25,100
2025-06-05T02:00:00.000Z,164,p2,29,84
2025-06-05T03:00:00.000Z,158,p2,31,74
2025-06-05T04:00:00.000Z,135,p2,31,74
2025-06-05T05:00:00.000Z,119,p2,32,66
2025-06-05T06:00:00.000Z,116,p2,32,62
2025-06-05T07:00:00.000Z,85,o3,32,66
2025-06-05T08:00:00.000Z,85,o3,32,62
2025-06-05T09:00:00.000Z,86,o3,32,62
2025-06-05T10:00:00.000Z,87,o3,31,62
2025-06-05T11:00:00.000Z,88,o3,30,74
2025-06-05T12:00:00.000Z,138,p2,29,74
2025-06-05T13:00:00.000Z,139,p2,28,74
2025-06-05T14:00:00.000Z,89,o3,29,70
2025-06-05T15:00:00.000Z,90,o3,28,78
2025-06-05T16:00:00.000Z,99,p2,27,89
2025-06-05T17:00:00.000Z,107,p2,26,100
2025-06-05T19:00:00.000Z,116,p2,24,100
2025-06-05T20:00:00.000Z,104,p2,24,100
2025-06-05T21:00:00.000Z,93,p2,24,100
2025-06-05T22:00:00.000Z,94,o3,24,100
2025-06-05T23:00:00.000Z,94,o3,24,100
2025-06-06T00:00:00.000Z,95,o3,24,100
2025-06-06T02:00:00.000Z,95,o3,28,83
2025-06-06T03:00:00.000Z,95,o3,30,66
2025-06-06T04:00:00.000Z,95,o3,31,58
2025-06-06T05:00:00.000Z,95,o3,31,62
2025-06-06T06:00:00.000Z,60,p2,32,58
2025-06-06T07:00:00.000Z,54,p2,32,58
2025-06-06T08:00:00.000Z,47,p2,32,55
2025-06-06T09:00:00.000Z,72,p2,31,58
2025-06-06T10:00:00.000Z,38,p2,31,55
2025-06-06T11:00:00.000Z,72,p2,30,66
2025-06-06T12:00:00.000Z,54,p2,29,70
2025-06-06T13:00:00.000Z,55,p2,29,79
2025-06-06T14:00:00.000Z,54,p2,28,83
2025-06-06T15:00:00.000Z,64,p2,28,83
2025-06-06T16:00:00.000Z,82,p2,27,94
2025-06-06T17:00:00.000Z,85,p2,28,83
2025-06-06T18:00:00.000Z,92,p2,26,94
2025-06-06T19:00:00.000Z,96,p2,26,94
2025-06-06T20:00:00.000Z,105,p2,26,94
2025-06-06T21:00:00.000Z,115,p2,25,100
2025-06-06T22:00:00.000Z,121,p2,25,100
2025-06-06T23:00:00.000Z,139,p2,25,100
2025-06-07T00:00:00.000Z,138,p2,25,100
2025-06-07T02:00:00.000Z,145,p2,29,84
2025-06-07T03:00:00.000Z,107,p2,31,70
2025-06-07T04:00:00.000Z,102,p2,31,66
2025-06-07T05:00:00.000Z,107,p2,32,66
2025-06-07T06:00:00.000Z,113,p2,32,66
2025-06-07T07:00:00.000Z,92,p2,32,66
2025-06-07T08:00:00.000Z,73,p2,31,66
2025-06-07T09:00:00.000Z,74,p2,31,66
2025-06-07T10:00:00.000Z,85,p2,30,79
2025-06-07T11:00:00.000Z,92,p2,29,84
2025-06-07T12:00:00.000Z,66,p2,29,84
2025-06-07T13:00:00.000Z,58,p2,29,84
2025-06-07T14:00:00.000Z,120,p2,28,89
2025-06-07T15:00:00.000Z,84,p2,28,89
2025-06-07T16:00:00.000Z,77,p2,28,89
2025-06-07T17:00:00.000Z,92,p2,27,89
2025-06-07T18:00:00.000Z,92,p2,27,94
2025-06-07T19:00:00.000Z,110,p2,26,100
2025-06-07T20:00:00.000Z,107,p2,26,94
2025-06-07T21:00:00.000Z,119,p2,25,100
2025-06-07T22:00:00.000Z,117,p2,25,100
2025-06-07T23:00:00.000Z,123,p2,26,94
2025-06-08T00:00:00.000Z,142,p2,26,100
2025-06-08T02:00:00.000Z,128,p2,30,84
2025-06-08T03:00:00.000Z,126,p2,30,84
2025-06-08T04:00:00.000Z,121,p2,31,74
2025-06-08T05:00:00.000Z,97,p2,31,74
2025-06-08T06:00:00.000Z,86,p2,31,79
2025-06-08T07:00:00.000Z,77,p2,32,70
2025-06-08T08:00:00.000Z,71,p2,31,74
2025-06-08T09:00:00.000Z,76,p2,30,79
2025-06-08T10:00:00.000Z,74,p2,30,79
2025-06-08T11:00:00.000Z,114,p2,30,79
2025-06-08T12:00:00.000Z,74,p2,29,84
2025-06-08T13:00:00.000Z,69,p2,29,89
2025-06-08T14:00:00.000Z,77,p2,28,89
2025-06-08T15:00:00.000Z,88,p2,27,100
2025-06-08T16:00:00.000Z,88,p2,27,94
2025-06-08T17:00:00.000Z,86,p2,26,100
2025-06-08T18:00:00.000Z,69,p2,26,100
2025-06-08T19:00:00.000Z,52,p2,25,100
2025-06-08T20:00:00.000Z,38,p2,24,100
2025-06-08T21:00:00.000Z,41,p2,25,100
2025-06-08T22:00:00.000Z,52,p2,24,100
2025-06-08T23:00:00.000Z,56,p2,24,100
2025-06-09T00:00:00.000Z,72,p2,24,100
2025-06-09T02:00:00.000Z,68,p2,27,100
2025-06-09T03:00:00.000Z,67,p2,28,94
2025-06-09T04:00:00.000Z,66,p2,29,84
2025-06-09T05:00:00.000Z,60,p2,30,79
2025-06-09T06:00:00.000Z,62,p2,30,74
2025-06-09T07:00:00.000Z,60,p2,29,84
2025-06-09T08:00:00.000Z,59,p2,30,74
2025-06-09T09:00:00.000Z,65,p2,30,70
2025-06-09T10:00:00.000Z,57,p2,30,66
2025-06-09T11:00:00.000Z,59,p2,29,79
2025-06-09T12:00:00.000Z,69,p2,28,78
2025-06-09T13:00:00.000Z,76,p2,28,83
2025-06-09T14:00:00.000Z,82,p2,27,89
2025-06-09T15:00:00.000Z,56,p2,27,94
2025-06-09T16:00:00.000Z,77,p2,26,100
2025-06-09T17:00:00.000Z,80,p2,26,100
2025-06-09T18:00:00.000Z,106,p2,26,100
2025-06-09T19:00:00.000Z,91,p2,26,100
2025-06-09T20:00:00.000Z,101,p2,25,100
2025-06-09T21:00:00.000Z,110,p2,25,100
2025-06-09T22:00:00.000Z,141,p2,25,100
2025-06-09T23:00:00.000Z,108,p2,25,100
2025-06-10T00:00:00.000Z,144,p2,26,100
2025-06-10T02:00:00.000Z,152,p2,29,89
2025-06-10T03:00:00.000Z,152,p2,30,79
2025-06-10T04:00:00.000Z,137,p2,30,84
2025-06-10T05:00:00.000Z,113,p2,31,79
2025-06-10T06:00:00.000Z,92,p2,31,79
2025-06-10T07:00:00.000Z,66,p2,31,74
2025-06-10T08:00:00.000Z,62,p2,30,79
2025-06-10T09:00:00.000Z,61,p1,30,70
2025-06-10T10:00:00.000Z,67,p2,30,72
2025-06-10T11:00:00.000Z,66,p2,29,75
2025-06-10T12:00:00.000Z,78,p2,29,84
2025-06-10T13:00:00.000Z,116,p2,29,89
2025-06-10T14:00:00.000Z,107,p2,28,94
2025-06-10T15:00:00.000Z,94,p2,28,100
2025-06-10T16:00:00.000Z,76,p2,28,94
2025-06-10T17:00:00.000Z,72,p2,27,100
2025-06-10T18:00:00.000Z,75,p2,28,94
2025-06-10T19:00:00.000Z,76,p2,27,100
2025-06-10T20:00:00.000Z,73,p2,28,94
2025-06-10T21:00:00.000Z,63,p2,27,94
2025-06-10T22:00:00.000Z,56,p2,27,94
2025-06-10T23:00:00.000Z,59,p2,27,94
2025-06-11T00:00:00.000Z,62,p2,27,94
2025-06-11T02:00:00.000Z,76,p2,29,94
2025-06-11T03:00:00.000Z,76,p2,30,79
2025-06-11T04:00:00.000Z,69,p2,31,74
2025-06-11T05:00:00.000Z,56,p2,31,70
2025-06-11T06:00:00.000Z,58,p2,31,74
2025-06-11T07:00:00.000Z,52,p2,31,70
2025-06-11T08:00:00.000Z,49,p2,31,70
2025-06-11T09:00:00.000Z,44,p2,31,70
2025-06-11T10:00:00.000Z,52,p2,30,74
2025-06-11T11:00:00.000Z,58,p2,30,74
2025-06-11T12:00:00.000Z,60,p2,28,83
2025-06-11T13:00:00.000Z,60,p2,28,89
2025-06-11T14:00:00.000Z,65,p2,28,89
2025-06-11T15:00:00.000Z,62,p2,28,89
2025-06-11T16:00:00.000Z,65,p2,27,94
2025-06-11T17:00:00.000Z,64,p2,27,94
2025-06-11T18:00:00.000Z,67,p2,26,100
2025-06-11T19:00:00.000Z,72,p2,25,100
2025-06-11T20:00:00.000Z,83,p2,25,100
2025-06-11T21:00:00.000Z,88,p2,25,100
2025-06-11T22:00:00.000Z,91,p2,25,100
2025-06-11T23:00:00.000Z,96,p2,25,100
2025-06-12T00:00:00.000Z,153,p2,25,100
2025-06-12T02:00:00.000Z,148,p2,29,79
2025-06-12T03:00:00.000Z,97,p2,30,74
2025-06-12T04:00:00.000Z,74,p2,30,74
2025-06-12T05:00:00.000Z,66,p2,31,70
2025-06-12T06:00:00.000Z,59,p2,31,70
2025-06-12T07:00:00.000Z,53,p2,31,66
2025-06-12T08:00:00.000Z,52,p2,30,70
2025-06-12T09:00:00.000Z,61,p2,30,70
2025-06-12T10:00:00.000Z,50,p2,30,70
2025-06-12T11:00:00.000Z,62,p2,29,74
2025-06-12T12:00:00.000Z,56,p2,28,83
2025-06-12T13:00:00.000Z,60,p2,28,83
2025-06-12T14:00:00.000Z,75,p2,28,83
2025-06-12T15:00:00.000Z,86,p2,27,89
2025-06-12T16:00:00.000Z,84,p2,28,89
2025-06-12T17:00:00.000Z,83,p2,28,89
2025-06-12T18:00:00.000Z,85,p2,26,100
2025-06-12T19:00:00.000Z,86,p2,25,100
2025-06-12T20:00:00.000Z,89,p2,25,94
2025-06-12T21:00:00.000Z,92,p2,25,94
2025-06-12T22:00:00.000Z,94,p2,25,94
2025-06-12T23:00:00.000Z,97,p2,25,100
2025-06-13T00:00:00.000Z,145,p2,26,94
2025-06-13T02:00:00.000Z,117,p2,27,89
2025-06-13T03:00:00.000Z,98,p2,28,89
2025-06-13T04:00:00.000Z,101,p2,29,84
2025-06-13T05:00:00.000Z,92,p2,30,79
2025-06-13T06:00:00.000Z,106,p2,32,66
2025-06-13T07:00:00.000Z,64,p2,32,66
2025-06-13T08:00:00.000Z,77,p2,30,74
2025-06-13T09:00:00.000Z,110,p2,28,94
2025-06-13T10:00:00.000Z,45,p1,28,94
2025-06-13T11:00:00.000Z,45,p1,28,94
2025-06-13T12:00:00.000Z,56,p2,28,94
2025-06-13T13:00:00.000Z,61,p2,27,100
2025-06-13T14:00:00.000Z,58,p2,28,94
2025-06-13T15:00:00.000Z,60,p2,27,100
2025-06-13T16:00:00.000Z,89,p2,27,94
2025-06-13T17:00:00.000Z,60,p2,27,94
2025-06-13T18:00:00.000Z,111,p2,27,94
2025-06-13T19:00:00.000Z,77,p2,27,94
2025-06-13T20:00:00.000Z,160,p2,26,100
2025-06-13T21:00:00.000Z,155,p2,26,100
2025-06-13T22:00:00.000Z,153,p2,26,100
2025-06-13T23:00:00.000Z,88,p2,26,100
2025-06-14T00:00:00.000Z,84,p2,26,100
2025-06-14T02:00:00.000Z,88,p2,30,79
2025-06-14T03:00:00.000Z,65,p2,31,79
2025-06-14T04:00:00.000Z,52,p2,31,79
2025-06-14T05:00:00.000Z,33,p2,31,84
2025-06-14T06:00:00.000Z,33,p2,31,84
2025-06-14T07:00:00.000Z,27,p2,30,89
2025-06-14T08:00:00.000Z,22,p2,31,79
2025-06-14T09:00:00.000Z,27,p2,30,84
2025-06-14T10:00:00.000Z,53,p2,29,89
2025-06-14T11:00:00.000Z,52,p2,28,94
2025-06-14T12:00:00.000Z,41,p2,28,94
2025-06-14T13:00:00.000Z,44,p2,28,94
2025-06-14T13:00:00.000Z,44,p2,28,94
2025-06-14T15:00:00.000Z,38,p2,28,94
2025-06-14T16:00:00.000Z,52,p2,28,94
2025-06-14T17:00:00.000Z,49,p2,28,94
2025-06-14T18:00:00.000Z,38,p2,27,100
2025-06-14T19:00:00.000Z,19,p2,28,89
2025-06-14T20:00:00.000Z,38,p2,27,94
2025-06-14T21:00:00.000Z,27,p2,28,89
2025-06-14T22:00:00.000Z,33,p2,27,100
2025-06-14T23:00:00.000Z,33,p2,27,94
2025-06-15T00:00:00.000Z,70,p2,27,100
2025-06-15T02:00:00.000Z,41,p2,29,89
2025-06-15T03:00:00.000Z,31,p2,31,79
2025-06-15T04:00:00.000Z,30,p2,31,84
2025-06-15T05:00:00.000Z,33,p2,31,84
2025-06-15T06:00:00.000Z,27,p2,31,84
2025-06-15T07:00:00.000Z,27,p2,31,84
2025-06-15T08:00:00.000Z,22,p2,31,79
2025-06-15T09:00:00.000Z,49,p2,31,79
2025-06-15T10:00:00.000Z,61,p2,30,79
2025-06-15T11:00:00.000Z,62,p2,29,89
2025-06-15T12:00:00.000Z,69,p2,28,94
2025-06-15T13:00:00.000Z,63,p2,28,89
2025-06-15T14:00:00.000Z,62,p2,27,94
2025-06-15T15:00:00.000Z,38,p2,27,100
2025-06-15T16:00:00.000Z,38,p2,27,94
2025-06-15T17:00:00.000Z,27,p2,26,100
2025-06-15T18:00:00.000Z,33,p2,26,100
2025-06-15T19:00:00.000Z,33,p2,26,94
2025-06-15T20:00:00.000Z,33,p2,26,94
2025-06-15T21:00:00.000Z,44,p2,26,100
2025-06-15T22:00:00.000Z,58,p2,26,100
2025-06-15T23:00:00.000Z,64,p2,26,94
2025-06-16T00:00:00.000Z,114,p2,25,100
2025-06-16T02:00:00.000Z,94,p2,29,89
2025-06-16T03:00:00.000Z,67,p2,29,89
2025-06-16T04:00:00.000Z,58,p2,30,89
2025-06-16T05:00:00.000Z,52,p2,31,84
2025-06-16T06:00:00.000Z,62,p2,31,79
2025-06-16T07:00:00.000Z,62,p2,31,79
2025-06-16T08:00:00.000Z,64,p2,31,79
2025-06-16T09:00:00.000Z,63,p2,30,84
2025-06-16T10:00:00.000Z,64,p2,30,84
2025-06-16T11:00:00.000Z,62,p2,29,89
2025-06-16T12:00:00.000Z,63,p2,29,89
2025-06-16T13:00:00.000Z,64,p2,29,84
2025-06-16T14:00:00.000Z,65,p2,29,89
2025-06-16T15:00:00.000Z,71,p2,28,94
2025-06-16T16:00:00.000Z,63,p2,27,94
2025-06-16T17:00:00.000Z,38,p2,26,100
2025-06-16T18:00:00.000Z,71,p2,26,100
2025-06-16T19:00:00.000Z,54,p2,26,100
2025-06-16T20:00:00.000Z,52,p2,26,100
2025-06-16T21:00:00.000Z,44,p2,26,94
2025-06-16T22:00:00.000Z,47,p2,27,89
2025-06-16T23:00:00.000Z,47,p2,27,94
2025-06-17T00:00:00.000Z,64,p2,26,100
2025-06-17T02:00:00.000Z,97,p2,30,78
2025-06-17T03:00:00.000Z,105,p2,31,63
2025-06-17T04:00:00.000Z,68,p2,32,57
2025-06-17T05:00:00.000Z,55,p2,31,79
2025-06-17T06:00:00.000Z,64,p2,31,74
2025-06-17T07:00:00.000Z,44,p2,31,74
2025-06-17T08:00:00.000Z,62,p2,31,74
2025-06-17T09:00:00.000Z,54,p2,30,74
2025-06-17T10:00:00.000Z,64,p2,30,74
2025-06-17T11:00:00.000Z,56,p2,29,79
2025-06-17T12:00:00.000Z,58,p2,29,84
2025-06-17T13:00:00.000Z,58,p2,29,84
2025-06-17T14:00:00.000Z,60,p2,28,89
2025-06-17T15:00:00.000Z,60,p2,28,83
2025-06-17T16:00:00.000Z,56,p2,28,83
2025-06-17T17:00:00.000Z,60,p2,28,89
2025-06-17T18:00:00.000Z,66,p2,26,94
2025-06-17T19:00:00.000Z,67,p2,26,94
2025-06-17T20:00:00.000Z,64,p2,26,94
2025-06-17T21:00:00.000Z,97,p2,25,100
2025-06-17T22:00:00.000Z,99,p2,24,100
2025-06-17T23:00:00.000Z,108,p2,25,100
2025-06-18T00:00:00.000Z,152,p2,25,100
2025-06-18T02:00:00.000Z,139,p2,29,79
2025-06-18T03:00:00.000Z,145,p2,29,84
2025-06-18T04:00:00.000Z,118,p2,30,79
2025-06-18T05:00:00.000Z,95,p2,31,70
2025-06-18T06:00:00.000Z,81,p2,32,66
2025-06-18T07:00:00.000Z,52,p2,31,58
2025-06-18T08:00:00.000Z,72,p2,31,55
2025-06-18T09:00:00.000Z,56,p2,30,62
2025-06-18T10:00:00.000Z,60,p2,30,66
2025-06-18T11:00:00.000Z,78,p2,28,78
2025-06-18T12:00:00.000Z,68,p2,28,78
2025-06-18T13:00:00.000Z,73,p2,28,83
2025-06-18T14:00:00.000Z,66,p2,27,83
2025-06-18T15:00:00.000Z,77,p2,26,89
2025-06-18T16:00:00.000Z,69,p2,26,89
2025-06-18T17:00:00.000Z,89,p2,26,94
2025-06-18T18:00:00.000Z,44,p2,26,89
2025-06-18T19:00:00.000Z,73,p2,24,94
2025-06-18T20:00:00.000Z,155,p2,24,94
2025-06-18T21:00:00.000Z,147,p2,24,94
2025-06-18T22:00:00.000Z,85,p2,23,100
2025-06-18T23:00:00.000Z,78,p2,24,94
2025-06-19T00:00:00.000Z,137,p2,24,100
2025-06-19T02:00:00.000Z,160,p2,28,78
2025-06-19T03:00:00.000Z,161,p2,29,74
2025-06-19T04:00:00.000Z,137,p2,30,62
2025-06-19T05:00:00.000Z,111,p2,31,55
2025-06-19T06:00:00.000Z,117,p2,32,55
2025-06-19T07:00:00.000Z,77,p2,30,62
2025-06-19T08:00:00.000Z,86,p2,30,51
2025-06-19T09:00:00.000Z,67,p2,30,54
2025-06-19T10:00:00.000Z,52,p2,30,54
2025-06-19T11:00:00.000Z,27,p2,29,58
2025-06-19T12:00:00.000Z,98,p2,29,61
2025-06-19T13:00:00.000Z,125,p2,28,69
2025-06-19T14:00:00.000Z,86,p2,29,65
2025-06-19T15:00:00.000Z,121,p2,28,74
2025-06-19T16:00:00.000Z,165,p2,27,78
2025-06-19T17:00:00.000Z,160,p2,26,83
2025-06-19T18:00:00.000Z,170,p2,26,89
2025-06-19T19:00:00.000Z,161,p2,25,94
2025-06-19T20:00:00.000Z,155,p2,25,94
2025-06-19T21:00:00.000Z,112,p2,25,88
2025-06-19T22:00:00.000Z,91,p2,25,88
2025-06-19T23:00:00.000Z,77,p2,25,88
2025-06-20T00:00:00.000Z,107,p2,25,88
2025-06-20T02:00:00.000Z,159,p2,26,86
2025-06-20T03:00:00.000Z,174,p2,26,84
2025-06-20T04:00:00.000Z,170,p2,28,81
2025-06-20T05:00:00.000Z,164,p2,28,77
2025-06-20T06:00:00.000Z,162,p2,27,79
2025-06-20T07:00:00.000Z,137,p2,29,74
2025-06-20T08:00:00.000Z,118,p2,30,72
2025-06-20T09:00:00.000Z,118,p2,29,73
2025-06-20T10:00:00.000Z,109,p2,28,76
2025-06-20T11:00:00.000Z,152,p2,27,81
2025-06-20T12:00:00.000Z,135,p2,28,81
2025-06-20T13:00:00.000Z,136,p2,28,88
2025-06-20T14:00:00.000Z,145,p2,27,89
2025-06-20T15:00:00.000Z,130,p2,27,90
2025-06-20T16:00:00.000Z,168,p2,26,93
2025-06-20T17:00:00.000Z,164,p2,26,90
2025-06-20T18:00:00.000Z,193,p2,25,90
2025-06-20T19:00:00.000Z,172,p2,25,91
2025-06-20T20:00:00.000Z,137,p2,25,92
2025-06-20T21:00:00.000Z,179,p2,25,94
2025-06-20T22:00:00.000Z,198,p2,24,95
2025-06-20T23:00:00.000Z,216,p2,25,96
2025-06-21T00:00:00.000Z,236,p2,26,92
2025-06-21T02:00:00.000Z,224,p2,29,83
2025-06-21T03:00:00.000Z,195,p2,31,75
2025-06-21T04:00:00.000Z,142,p2,31,75
2025-06-21T05:00:00.000Z,161,p2,31,72
2025-06-21T06:00:00.000Z,118,p2,32,63
2025-06-21T07:00:00.000Z,162,p2,33,71
2025-06-21T08:00:00.000Z,94,p2,33,65
2025-06-21T09:00:00.000Z,11,p2,32,68
2025-06-21T10:00:00.000Z,120,p2,30,75
2025-06-21T11:00:00.000Z,165,p2,29,81
2025-06-21T12:00:00.000Z,169,p2,28,83
2025-06-21T13:00:00.000Z,180,p2,28,85
2025-06-21T14:00:00.000Z,158,p2,27,84
2025-06-21T15:00:00.000Z,17,p2,26,88
2025-06-21T16:00:00.000Z,94,p2,26,88
2025-06-21T17:00:00.000Z,151,p2,26,89
2025-06-21T18:00:00.000Z,156,p2,26,89
2025-06-21T19:00:00.000Z,116,p2,26,90
2025-06-21T20:00:00.000Z,111,p2,25,91
2025-06-21T21:00:00.000Z,111,p2,25,91
2025-06-21T22:00:00.000Z,172,p2,24,92
2025-06-21T23:00:00.000Z,111,p2,24,95
2025-06-22T00:00:00.000Z,214,p2,25,91
2025-06-22T02:00:00.000Z,190,p2,28,87
2025-06-22T03:00:00.000Z,165,p2,29,83
2025-06-22T04:00:00.000Z,154,p2,29,77
2025-06-22T05:00:00.000Z,83,p2,30,74
2025-06-22T06:00:00.000Z,6,p2,31,71
2025-06-22T07:00:00.000Z,6,p2,31,72
2025-06-22T08:00:00.000Z,64,p2,30,76
2025-06-22T09:00:00.000Z,6,p2,29,75
2025-06-22T10:00:00.000Z,77,p2,28,81
2025-06-22T11:00:00.000Z,64,p2,28,79
2025-06-22T12:00:00.000Z,79,p2,28,79
2025-06-22T13:00:00.000Z,77,p2,27,80
2025-06-22T14:00:00.000Z,73,p2,27,81
2025-06-22T15:00:00.000Z,89,p2,26,83
2025-06-22T16:00:00.000Z,6,p2,26,89
2025-06-22T17:00:00.000Z,73,p2,26,90
2025-06-22T18:00:00.000Z,68,p2,26,87
2025-06-22T19:00:00.000Z,64,p2,26,94
2025-06-22T20:00:00.000Z,69,p2,26,94
2025-06-22T21:00:00.000Z,86,p2,26,95
2025-06-22T22:00:00.000Z,115,p2,25,95
2025-06-22T23:00:00.000Z,89,p2,25,94
2025-06-23T00:00:00.000Z,87,p2,26,87
2025-06-23T02:00:00.000Z,106,p2,29,81
2025-06-23T03:00:00.000Z,86,p2,29,70
2025-06-23T04:00:00.000Z,79,p2,30,65
2025-06-23T05:00:00.000Z,66,p2,30,64
2025-06-23T06:00:00.000Z,66,p2,30,61
2025-06-23T07:00:00.000Z,66,p2,30,64
2025-06-23T08:00:00.000Z,64,p2,30,64
2025-06-23T09:00:00.000Z,69,p2,29,66
2025-06-23T10:00:00.000Z,56,p2,28,68
2025-06-23T11:00:00.000Z,54,p2,28,75
2025-06-23T12:00:00.000Z,63,p2,28,77
2025-06-23T13:00:00.000Z,65,p2,28,82
2025-06-23T14:00:00.000Z,66,p2,27,80
2025-06-23T15:00:00.000Z,56,p2,27,83
2025-06-23T16:00:00.000Z,58,p2,27,83
2025-06-23T17:00:00.000Z,73,p2,26,84
2025-06-23T18:00:00.000Z,56,p2,25,84
2025-06-23T19:00:00.000Z,71,p2,25,89
2025-06-23T20:00:00.000Z,107,p2,24,93
2025-06-23T21:00:00.000Z,87,p2,24,94
2025-06-23T22:00:00.000Z,78,p2,24,94
2025-06-23T23:00:00.000Z,44,p2,24,94
2025-06-24T00:00:00.000Z,119,p2,26,89
2025-06-24T02:00:00.000Z,145,p2,30,78
2025-06-24T03:00:00.000Z,114,p2,31,74
2025-06-24T04:00:00.000Z,105,p2,31,67
2025-06-24T05:00:00.000Z,114,p2,31,65
2025-06-24T06:00:00.000Z,64,p2,32,59
2025-06-24T07:00:00.000Z,62,p2,32,59
2025-06-24T08:00:00.000Z,66,p2,32,60
2025-06-24T09:00:00.000Z,71,p2,31,61
2025-06-24T10:00:00.000Z,71,p2,30,67
2025-06-24T11:00:00.000Z,75,p2,29,74
2025-06-24T12:00:00.000Z,75,p2,28,78
2025-06-24T13:00:00.000Z,75,p2,28,82
2025-06-24T14:00:00.000Z,75,p2,28,79
2025-06-24T15:00:00.000Z,77,p2,27,83
2025-06-24T16:00:00.000Z,76,p2,26,86
2025-06-24T17:00:00.000Z,52,p2,26,86
2025-06-24T18:00:00.000Z,60,p2,26,85
2025-06-24T19:00:00.000Z,109,p2,25,90
2025-06-24T20:00:00.000Z,106,p2,25,90
2025-06-24T21:00:00.000Z,93,p2,25,93
2025-06-24T22:00:00.000Z,90,p2,24,93
2025-06-24T23:00:00.000Z,95,p2,24,90
2025-06-25T00:00:00.000Z,122,p2,24,89
2025-06-25T02:00:00.000Z,155,p2,29,79
2025-06-25T03:00:00.000Z,142,p2,30,72
2025-06-25T04:00:00.000Z,130,p2,31,69
2025-06-25T05:00:00.000Z,100,p2,31,71
2025-06-25T06:00:00.000Z,88,p2,32,66
2025-06-25T07:00:00.000Z,106,p2,31,65
2025-06-25T08:00:00.000Z,109,p2,31,65
2025-06-25T09:00:00.000Z,98,p2,30,69
2025-06-25T10:00:00.000Z,86,p2,29,73
2025-06-25T11:00:00.000Z,69,p2,29,78
2025-06-25T12:00:00.000Z,71,p2,29,78
2025-06-25T13:00:00.000Z,86,p2,29,77
2025-06-25T14:00:00.000Z,89,p2,28,81
2025-06-25T15:00:00.000Z,74,p2,28,84
2025-06-25T16:00:00.000Z,102,p2,27,87
2025-06-25T17:00:00.000Z,80,p2,27,89
2025-06-25T18:00:00.000Z,146,p2,25,85
2025-06-25T19:00:00.000Z,79,p2,25,91
2025-06-25T20:00:00.000Z,115,p2,26,89
2025-06-25T21:00:00.000Z,111,p2,25,89
2025-06-25T22:00:00.000Z,107,p2,25,93
2025-06-25T23:00:00.000Z,97,p2,25,93
2025-06-26T00:00:00.000Z,115,p2,26,85
2025-06-26T02:00:00.000Z,115,p2,29,80
2025-06-26T03:00:00.000Z,109,p2,31,70
2025-06-26T04:00:00.000Z,102,p2,31,63
2025-06-26T05:00:00.000Z,67,p2,31,66
2025-06-26T06:00:00.000Z,66,p2,32,66
2025-06-26T07:00:00.000Z,66,p2,31,68
2025-06-26T08:00:00.000Z,80,p2,30,68
2025-06-26T09:00:00.000Z,88,p2,30,73
2025-06-26T10:00:00.000Z,90,p2,29,76
2025-06-26T11:00:00.000Z,67,p2,28,82
2025-06-26T12:00:00.000Z,59,p2,28,83
2025-06-26T13:00:00.000Z,61,p2,28,81
2025-06-26T14:00:00.000Z,77,p2,27,84
2025-06-26T15:00:00.000Z,66,p2,27,85
2025-06-26T16:00:00.000Z,64,p2,27,86
2025-06-26T17:00:00.000Z,67,p2,27,88
2025-06-26T18:00:00.000Z,68,p2,26,85
2025-06-26T19:00:00.000Z,68,p2,26,90
2025-06-26T20:00:00.000Z,67,p2,27,91
2025-06-26T21:00:00.000Z,67,p2,26,95
2025-06-26T22:00:00.000Z,77,p2,26,96
2025-06-26T23:00:00.000Z,66,p2,25,96
2025-06-27T00:00:00.000Z,96,p2,26,91
2025-06-27T02:00:00.000Z,66,p2,29,73
2025-06-27T03:00:00.000Z,62,p2,30,69
2025-06-27T04:00:00.000Z,61,p2,30,70
2025-06-27T05:00:00.000Z,58,p2,30,70
2025-06-27T06:00:00.000Z,56,p2,30,67
2025-06-27T07:00:00.000Z,76,p2,30,65
2025-06-27T08:00:00.000Z,60,p2,30,69
2025-06-27T09:00:00.000Z,60,p2,30,72
2025-06-27T10:00:00.000Z,62,p2,29,77
2025-06-27T11:00:00.000Z,77,p2,29,79
2025-06-27T12:00:00.000Z,68,p2,28,81
2025-06-27T13:00:00.000Z,68,p2,28,83
2025-06-27T14:00:00.000Z,77,p2,28,84
2025-06-27T15:00:00.000Z,78,p2,27,84
2025-06-27T16:00:00.000Z,66,p2,27,85
2025-06-27T17:00:00.000Z,74,p2,27,86
2025-06-27T18:00:00.000Z,79,p2,26,87
2025-06-27T19:00:00.000Z,77,p2,26,92
2025-06-27T20:00:00.000Z,67,p2,25,91
2025-06-27T21:00:00.000Z,92,p2,25,95
2025-06-27T22:00:00.000Z,87,p2,25,93
2025-06-27T23:00:00.000Z,89,p2,25,93
2025-06-28T00:00:00.000Z,85,p2,26,92
2025-06-28T02:00:00.000Z,80,p2,30,74
2025-06-28T03:00:00.000Z,71,p2,31,68
2025-06-28T04:00:00.000Z,69,p2,31,69
2025-06-28T05:00:00.000Z,71,p2,32,67
2025-06-28T06:00:00.000Z,60,p2,31,66
2025-06-28T07:00:00.000Z,71,p2,31,66
2025-06-28T08:00:00.000Z,56,p2,30,65
2025-06-28T09:00:00.000Z,71,p2,30,69
2025-06-28T10:00:00.000Z,70,p2,29,72
2025-06-28T11:00:00.000Z,71,p2,28,79
2025-06-28T12:00:00.000Z,58,p2,28,83
2025-06-28T13:00:00.000Z,68,p2,28,84
2025-06-28T14:00:00.000Z,72,p2,27,84
2025-06-28T15:00:00.000Z,74,p2,27,90
2025-06-28T16:00:00.000Z,63,p2,27,92
2025-06-28T17:00:00.000Z,69,p2,27,93
2025-06-28T18:00:00.000Z,73,p2,26,91
2025-06-28T19:00:00.000Z,70,p2,25,94
2025-06-28T20:00:00.000Z,84,p2,25,95
2025-06-28T21:00:00.000Z,99,p2,25,95
2025-06-28T22:00:00.000Z,102,p2,25,95
2025-06-28T23:00:00.000Z,99,p2,24,96
2025-06-29T00:00:00.000Z,135,p2,27,95
2025-06-29T02:00:00.000Z,81,p2,29,79
2025-06-29T03:00:00.000Z,62,p2,30,72
2025-06-29T04:00:00.000Z,68,p2,30,72
2025-06-29T05:00:00.000Z,60,p2,30,73
2025-06-29T06:00:00.000Z,63,p2,30,69
2025-06-29T07:00:00.000Z,66,p2,30,67
2025-06-29T08:00:00.000Z,55,p2,30,69
2025-06-29T09:00:00.000Z,59,p2,29,70
2025-06-29T10:00:00.000Z,59,p2,28,75
2025-06-29T11:00:00.000Z,61,p2,28,81
2025-06-29T12:00:00.000Z,60,p2,28,80
2025-06-29T13:00:00.000Z,58,p2,28,81
2025-06-29T14:00:00.000Z,58,p2,28,84
2025-06-29T15:00:00.000Z,62,p2,28,84
2025-06-29T16:00:00.000Z,66,p2,27,89
2025-06-29T17:00:00.000Z,66,p2,27,95
2025-06-29T18:00:00.000Z,64,p2,27,95
2025-06-29T19:00:00.000Z,80,p2,26,90
2025-06-29T20:00:00.000Z,74,p2,26,95
2025-06-29T21:00:00.000Z,90,p2,26,95
2025-06-29T22:00:00.000Z,90,p2,25,95
2025-06-29T23:00:00.000Z,84,p2,25,95
2025-06-30T00:00:00.000Z,93,p2,26,88
2025-06-30T02:00:00.000Z,93,p2,29,83
2025-06-30T03:00:00.000Z,80,p2,30,75
2025-06-30T04:00:00.000Z,71,p2,30,70
2025-06-30T05:00:00.000Z,83,p2,31,68
2025-06-30T06:00:00.000Z,71,p2,31,63
2025-06-30T07:00:00.000Z,69,p2,30,64
2025-06-30T08:00:00.000Z,73,p2,30,64
2025-06-30T09:00:00.000Z,73,p2,30,66
2025-06-30T10:00:00.000Z,58,p2,29,73
2025-06-30T11:00:00.000Z,65,p2,28,77
2025-06-30T12:00:00.000Z,64,p2,28,75
2025-06-30T13:00:00.000Z,64,p2,28,80
2025-06-30T14:00:00.000Z,61,p2,27,81
2025-06-30T15:00:00.000Z,64,p2,27,82
2025-06-30T16:00:00.000Z,62,p2,27,85
2025-06-30T17:00:00.000Z,68,p2,26,84
2025-06-30T18:00:00.000Z,65,p2,26,85
2025-06-30T19:00:00.000Z,52,p2,26,90
2025-06-30T20:00:00.000Z,69,p2,26,91
2025-06-30T21:00:00.000Z,66,p2,25,94
2025-06-30T22:00:00.000Z,72,p2,25,95
2025-06-30T23:00:00.000Z,88,p2,25,93
2025-07-01T00:00:00.000Z,77,p2,26,89
2025-07-01T03:00:00.000Z,88,p2,29,65
2025-07-01T04:00:00.000Z,64,p2,30,60
2025-07-01T05:00:00.000Z,60,p2,31,62
2025-07-01T06:00:00.000Z,54,p2,30,60
2025-07-01T07:00:00.000Z,49,p2,31,61
2025-07-01T08:00:00.000Z,45,p1,31,61
2025-07-01T09:00:00.000Z,71,p2,30,62
2025-07-01T10:00:00.000Z,45,p1,29,64
2025-07-01T11:00:00.000Z,45,p1,28,69
2025-07-01T12:00:00.000Z,52,p2,28,75
2025-07-01T13:00:00.000Z,58,p2,28,78
2025-07-01T14:00:00.000Z,45,p1,28,77
2025-07-01T15:00:00.000Z,54,p2,28,83
2025-07-01T16:00:00.000Z,49,p2,27,88
2025-07-01T17:00:00.000Z,56,p2,26,86
2025-07-01T18:00:00.000Z,62,p2,26,83
2025-07-01T19:00:00.000Z,86,p2,26,88
2025-07-01T20:00:00.000Z,95,p2,25,91
2025-07-01T21:00:00.000Z,97,p2,25,94
2025-07-01T22:00:00.000Z,108,p2,25,94
2025-07-01T23:00:00.000Z,107,p2,24,94
2025-07-02T00:00:00.000Z,166,p2,25,87
2025-07-02T02:00:00.000Z,125,p2,30,76
2025-07-02T03:00:00.000Z,106,p2,31,65
2025-07-02T04:00:00.000Z,92,p2,31,64
2025-07-02T05:00:00.000Z,93,p2,32,60
2025-07-02T06:00:00.000Z,79,p2,32,60
2025-07-02T07:00:00.000Z,60,p2,32,60
2025-07-02T08:00:00.000Z,58,p2,32,59
2025-07-02T09:00:00.000Z,52,p2,31,60
2025-07-02T10:00:00.000Z,73,p2,29,69
2025-07-02T11:00:00.000Z,56,p2,29,78
2025-07-02T12:00:00.000Z,49,p2,28,78
2025-07-02T13:00:00.000Z,44,p2,28,85
2025-07-02T14:00:00.000Z,52,p2,28,86
2025-07-02T15:00:00.000Z,60,p2,27,88
2025-07-02T16:00:00.000Z,65,p2,27,86
2025-07-02T17:00:00.000Z,54,p2,27,84
2025-07-02T18:00:00.000Z,57,p2,26,86
2025-07-02T19:00:00.000Z,52,p2,25,93
2025-07-02T20:00:00.000Z,65,p2,25,95
2025-07-02T21:00:00.000Z,64,p2,25,96
2025-07-02T22:00:00.000Z,62,p2,24,96
2025-07-02T23:00:00.000Z,75,p2,25,95
2025-07-03T00:00:00.000Z,86,p2,25,95
2025-07-03T02:00:00.000Z,102,p2,29,86
2025-07-03T03:00:00.000Z,79,p2,30,81
2025-07-03T04:00:00.000Z,63,p2,31,73
2025-07-03T05:00:00.000Z,70,p2,31,76
2025-07-03T06:00:00.000Z,67,p2,31,63
2025-07-03T07:00:00.000Z,68,p2,31,66
2025-07-03T08:00:00.000Z,79,p2,30,69
2025-07-03T09:00:00.000Z,54,p2,30,77
2025-07-03T10:00:00.000Z,72,p2,30,78
2025-07-03T11:00:00.000Z,66,p2,28,82
2025-07-03T12:00:00.000Z,73,p2,28,77
2025-07-03T13:00:00.000Z,72,p2,27,86
2025-07-03T14:00:00.000Z,67,p2,27,89
2025-07-03T15:00:00.000Z,69,p2,27,85
2025-07-03T16:00:00.000Z,64,p2,27,87
2025-07-03T17:00:00.000Z,58,p2,27,89
2025-07-03T18:00:00.000Z,58,p2,26,89
2025-07-03T19:00:00.000Z,61,p2,24,93
2025-07-03T20:00:00.000Z,87,p2,24,95
2025-07-03T21:00:00.000Z,91,p2,24,95
2025-07-03T22:00:00.000Z,95,p2,24,95
2025-07-03T23:00:00.000Z,146,p2,24,95
2025-07-04T00:00:00.000Z,153,p2,25,94
2025-07-04T02:00:00.000Z,88,p2,29,80
2025-07-04T03:00:00.000Z,86,p2,30,73
2025-07-04T04:00:00.000Z,84,p2,31,68
2025-07-04T05:00:00.000Z,56,p2,32,61
2025-07-04T06:00:00.000Z,71,p2,32,63
2025-07-04T07:00:00.000Z,71,p2,31,64
2025-07-04T08:00:00.000Z,46,p1,30,64
2025-07-04T09:00:00.000Z,58,p2,29,81
2025-07-04T10:00:00.000Z,72,p2,29,80
2025-07-04T11:00:00.000Z,71,p2,28,81
2025-07-04T12:00:00.000Z,81,p2,27,76
2025-07-04T13:00:00.000Z,95,p2,27,87
2025-07-04T14:00:00.000Z,86,p2,26,90
2025-07-04T15:00:00.000Z,97,p2,25,92
2025-07-04T16:00:00.000Z,105,p2,25,92
2025-07-04T17:00:00.000Z,109,p2,25,93
2025-07-04T18:00:00.000Z,77,p2,25,93
2025-07-04T19:00:00.000Z,115,p2,25,90
2025-07-04T20:00:00.000Z,112,p2,24,94
2025-07-04T21:00:00.000Z,109,p2,24,94
2025-07-04T22:00:00.000Z,138,p2,24,94
2025-07-04T23:00:00.000Z,104,p2,24,94
2025-07-05T00:00:00.000Z,91,p2,25,86
2025-07-05T02:00:00.000Z,91,p2,29,79
2025-07-05T03:00:00.000Z,97,p2,29,74
2025-07-05T04:00:00.000Z,97,p2,30,65
2025-07-05T05:00:00.000Z,88,p2,30,63
2025-07-05T06:00:00.000Z,68,p2,30,59
2025-07-05T07:00:00.000Z,68,p2,31,58
2025-07-05T08:00:00.000Z,66,p2,31,65
2025-07-05T09:00:00.000Z,55,p2,29,66
2025-07-05T10:00:00.000Z,59,p2,28,71
2025-07-05T11:00:00.000Z,70,p2,27,81
2025-07-05T12:00:00.000Z,88,p2,28,80
2025-07-05T13:00:00.000Z,88,p2,27,84
2025-07-05T14:00:00.000Z,84,p2,27,85
2025-07-05T15:00:00.000Z,85,p2,26,86
2025-07-05T16:00:00.000Z,78,p2,26,89
2025-07-05T17:00:00.000Z,73,p2,26,93
2025-07-05T18:00:00.000Z,90,p2,25,92
2025-07-05T19:00:00.000Z,97,p2,25,94
2025-07-05T20:00:00.000Z,101,p2,25,93
2025-07-05T21:00:00.000Z,103,p2,25,95
2025-07-05T22:00:00.000Z,103,p2,25,95
2025-07-05T23:00:00.000Z,102,p2,25,94
2025-07-06T00:00:00.000Z,102,p2,26,93
2025-07-06T02:00:00.000Z,127,p2,29,89
2025-07-06T03:00:00.000Z,135,p2,29,88
2025-07-06T04:00:00.000Z,153,p2,29,86
2025-07-06T05:00:00.000Z,149,p2,30,86
2025-07-06T06:00:00.000Z,166,p2,30,75
2025-07-06T07:00:00.000Z,134,p2,29,74
2025-07-06T08:00:00.000Z,125,p2,29,86
2025-07-06T09:00:00.000Z,67,p2,29,87
2025-07-06T10:00:00.000Z,67,p2,29,86
2025-07-06T11:00:00.000Z,69,p2,29,87
2025-07-06T12:00:00.000Z,103,p2,28,86
2025-07-06T13:00:00.000Z,99,p2,27,93
2025-07-06T14:00:00.000Z,124,p2,26,93
2025-07-06T15:00:00.000Z,115,p2,26,94
2025-07-06T16:00:00.000Z,101,p2,26,91
2025-07-06T17:00:00.000Z,122,p2,26,94
2025-07-06T18:00:00.000Z,80,p2,26,89
2025-07-06T19:00:00.000Z,78,p2,26,94
2025-07-06T20:00:00.000Z,68,p2,26,94
2025-07-06T21:00:00.000Z,77,p2,25,95
2025-07-06T22:00:00.000Z,115,p2,25,95
2025-07-06T23:00:00.000Z,104,p2,25,95
2025-07-07T00:00:00.000Z,107,p2,26,93
2025-07-07T02:00:00.000Z,108,p2,29,79
2025-07-07T03:00:00.000Z,99,p2,30,70
2025-07-07T04:00:00.000Z,68,p2,30,66
2025-07-07T05:00:00.000Z,54,p2,31,67
2025-07-07T06:00:00.000Z,53,p2,31,64
2025-07-07T07:00:00.000Z,56,p2,31,62
2025-07-07T08:00:00.000Z,56,p2,31,66
2025-07-07T09:00:00.000Z,82,p2,31,73
2025-07-07T10:00:00.000Z,61,p2,30,77
2025-07-07T11:00:00.000Z,84,p2,29,84
2025-07-07T12:00:00.000Z,92,p2,27,82
2025-07-07T13:00:00.000Z,89,p2,27,85
2025-07-07T14:00:00.000Z,87,p2,26,96
2025-07-07T15:00:00.000Z,79,p2,26,97
2025-07-07T16:00:00.000Z,82,p2,26,92
2025-07-07T17:00:00.000Z,84,p2,26,97
2025-07-07T18:00:00.000Z,84,p2,25,92
2025-07-07T19:00:00.000Z,84,p2,25,97
2025-07-07T20:00:00.000Z,91,p2,25,97
2025-07-07T21:00:00.000Z,75,p2,25,97
2025-07-07T22:00:00.000Z,95,p2,25,97
2025-07-07T23:00:00.000Z,93,p2,24,97
2025-07-08T00:00:00.000Z,100,p2,25,97
2025-07-08T02:00:00.000Z,151,p2,29,87
2025-07-08T03:00:00.000Z,97,p2,29,80
2025-07-08T04:00:00.000Z,84,p2,30,71
2025-07-08T05:00:00.000Z,73,p2,31,63
2025-07-08T06:00:00.000Z,67,p2,31,61
2025-07-08T06:00:00.000Z,67,p2,31,65
2025-07-08T06:00:00.000Z,67,p2,31,64
2025-07-08T09:00:00.000Z,81,p2,30,68
2025-07-08T10:00:00.000Z,77,p2,28,73
2025-07-08T11:00:00.000Z,78,p2,28,76
2025-07-08T12:00:00.000Z,68,p2,28,73
2025-07-08T13:00:00.000Z,69,p2,27,79
2025-07-08T14:00:00.000Z,83,p2,26,83
2025-07-08T15:00:00.000Z,97,p2,25,86
2025-07-08T16:00:00.000Z,87,p2,25,85
2025-07-08T17:00:00.000Z,99,p2,24,90
2025-07-08T18:00:00.000Z,103,p2,24,87
2025-07-08T19:00:00.000Z,87,p2,23,90
2025-07-08T20:00:00.000Z,90,p2,22,87
2025-07-08T21:00:00.000Z,84,p2,23,86
2025-07-08T22:00:00.000Z,82,p2,22,81
2025-07-08T23:00:00.000Z,78,p2,22,93
2025-07-09T00:00:00.000Z,82,p2,23,88
2025-07-09T02:00:00.000Z,84,p2,27,82
2025-07-09T03:00:00.000Z,122,p2,29,75
2025-07-09T04:00:00.000Z,121,p2,30,65
2025-07-09T05:00:00.000Z,91,p2,31,61
2025-07-09T06:00:00.000Z,95,p2,31,55
2025-07-09T07:00:00.000Z,91,p2,31,54
2025-07-09T08:00:00.000Z,95,p2,31,56
2025-07-09T09:00:00.000Z,97,p2,31,56
2025-07-09T10:00:00.000Z,90,p2,30,57
2025-07-09T11:00:00.000Z,80,p2,29,62
2025-07-09T12:00:00.000Z,85,p2,28,64
2025-07-09T13:00:00.000Z,122,p2,27,76
2025-07-09T14:00:00.000Z,101,p2,26,80
2025-07-09T15:00:00.000Z,120,p2,25,82
2025-07-09T16:00:00.000Z,137,p2,25,85
2025-07-09T17:00:00.000Z,103,p2,23,86
2025-07-09T18:00:00.000Z,136,p2,22,89
2025-07-09T19:00:00.000Z,129,p2,23,85
2025-07-09T20:00:00.000Z,119,p2,23,86
2025-07-09T21:00:00.000Z,106,p2,22,93
2025-07-09T22:00:00.000Z,125,p2,22,94
2025-07-09T23:00:00.000Z,134,p2,22,94
2025-07-10T00:00:00.000Z,85,p2,23,87
2025-07-10T02:00:00.000Z,160,p2,27,79
2025-07-10T03:00:00.000Z,152,p2,28,68
2025-07-10T04:00:00.000Z,132,p2,30,62
2025-07-10T05:00:00.000Z,154,p2,30,57
2025-07-10T06:00:00.000Z,126,p2,30,53
2025-07-10T07:00:00.000Z,77,p2,31,52
2025-07-10T08:00:00.000Z,121,p2,31,52
2025-07-10T09:00:00.000Z,75,p2,31,54
2025-07-10T10:00:00.000Z,66,p2,30,54
2025-07-10T11:00:00.000Z,74,p2,29,61
2025-07-10T12:00:00.000Z,81,p2,28,62
2025-07-10T13:00:00.000Z,114,p2,26,71
2025-07-10T14:00:00.000Z,145,p2,25,73
2025-07-10T15:00:00.000Z,96,p2,24,77
2025-07-10T16:00:00.000Z,104,p2,24,80
2025-07-10T17:00:00.000Z,104,p2,23,80
2025-07-10T18:00:00.000Z,134,p2,24,74
2025-07-10T19:00:00.000Z,154,p2,23,90
2025-07-10T20:00:00.000Z,165,p2,23,91
2025-07-10T21:00:00.000Z,165,p2,22,91
2025-07-10T22:00:00.000Z,154,p2,22,95
2025-07-10T23:00:00.000Z,181,p2,21,93
2025-07-11T00:00:00.000Z,155,p2,23,87
2025-07-11T02:00:00.000Z,151,p2,27,70
2025-07-11T03:00:00.000Z,127,p2,28,61
2025-07-11T04:00:00.000Z,98,p2,30,59
2025-07-11T05:00:00.000Z,83,p2,30,58
2025-07-11T06:00:00.000Z,62,p2,31,56
2025-07-11T07:00:00.000Z,56,p2,31,55
2025-07-11T08:00:00.000Z,54,p1,31,55
2025-07-11T09:00:00.000Z,53,p1,30,60
2025-07-11T10:00:00.000Z,57,p2,29,67
2025-07-11T11:00:00.000Z,56,p2,28,69
2025-07-11T12:00:00.000Z,68,p2,27,71
2025-07-11T13:00:00.000Z,75,p2,27,79
2025-07-11T14:00:00.000Z,86,p2,27,82
2025-07-11T15:00:00.000Z,113,p2,26,81
2025-07-11T16:00:00.000Z,86,p2,25,82
2025-07-11T17:00:00.000Z,107,p2,25,86
2025-07-11T18:00:00.000Z,107,p2,25,82
2025-07-11T19:00:00.000Z,74,p2,23,91
2025-07-11T20:00:00.000Z,77,p2,23,91
2025-07-11T21:00:00.000Z,123,p2,23,88
2025-07-11T22:00:00.000Z,129,p2,23,89
2025-07-11T23:00:00.000Z,130,p2,23,81
2025-07-12T00:00:00.000Z,157,p2,25,82
2025-07-12T02:00:00.000Z,159,p2,27,81
2025-07-12T03:00:00.000Z,159,p2,29,73
2025-07-12T04:00:00.000Z,144,p2,30,62
2025-07-12T05:00:00.000Z,110,p2,30,60
2025-07-12T06:00:00.000Z,116,p2,29,61
2025-07-12T07:00:00.000Z,123,p2,29,61
2025-07-12T08:00:00.000Z,149,p2,29,66
2025-07-12T09:00:00.000Z,112,p2,29,70
2025-07-12T10:00:00.000Z,117,p2,29,75
2025-07-12T11:00:00.000Z,94,p2,28,79
2025-07-12T12:00:00.000Z,60,p2,28,77
2025-07-12T13:00:00.000Z,71,p2,28,76
2025-07-12T14:00:00.000Z,77,p2,27,83
2025-07-12T15:00:00.000Z,73,p2,27,81
2025-07-12T16:00:00.000Z,79,p2,27,81
2025-07-12T17:00:00.000Z,60,p2,26,82
2025-07-12T18:00:00.000Z,60,p2,26,82
2025-07-12T19:00:00.000Z,85,p2,25,88
2025-07-12T20:00:00.000Z,60,p2,25,84
2025-07-12T21:00:00.000Z,58,p2,25,82
2025-07-12T22:00:00.000Z,62,p2,26,80
2025-07-12T23:00:00.000Z,69,p2,25,81
2025-07-13T00:00:00.000Z,68,p2,26,78
2025-07-13T03:00:00.000Z,68,p2,29,73
2025-07-13T04:00:00.000Z,62,p2,31,69
2025-07-13T05:00:00.000Z,62,p2,31,68
2025-07-13T06:00:00.000Z,62,p2,31,67
2025-07-13T07:00:00.000Z,61,p2,31,66
2025-07-13T08:00:00.000Z,58,p2,30,65
2025-07-13T09:00:00.000Z,58,p2,30,66
2025-07-13T10:00:00.000Z,60,p2,29,72
2025-07-13T11:00:00.000Z,60,p2,29,78
2025-07-13T12:00:00.000Z,64,p2,28,79
2025-07-13T13:00:00.000Z,62,p2,28,84
2025-07-13T14:00:00.000Z,60,p2,28,84
2025-07-13T15:00:00.000Z,66,p2,27,86
2025-07-13T16:00:00.000Z,65,p2,27,87
2025-07-13T17:00:00.000Z,67,p2,26,88
2025-07-13T18:00:00.000Z,68,p2,25,86
2025-07-13T19:00:00.000Z,59,p2,25,94
2025-07-13T20:00:00.000Z,102,p2,26,94
2025-07-13T21:00:00.000Z,98,p2,26,95
2025-07-13T22:00:00.000Z,96,p2,25,93
2025-07-13T23:00:00.000Z,97,p2,25,95
2025-07-14T00:00:00.000Z,132,p2,26,91
2025-07-14T02:00:00.000Z,111,p2,29,79
2025-07-14T03:00:00.000Z,95,p2,32,72
2025-07-14T05:00:00.000Z,97,p2,32,67
2025-07-14T06:00:00.000Z,94,p2,32,63
2025-07-14T07:00:00.000Z,93,p2,32,67
2025-07-14T08:00:00.000Z,84,p2,32,67
2025-07-14T09:00:00.000Z,104,p2,30,74
2025-07-14T10:00:00.000Z,88,p2,30,71
2025-07-14T11:00:00.000Z,79,p2,29,80
2025-07-14T12:00:00.000Z,92,p2,28,83
2025-07-14T13:00:00.000Z,93,p2,28,82
2025-07-14T14:00:00.000Z,104,p2,27,90
2025-07-14T15:00:00.000Z,117,p2,26,92
2025-07-14T16:00:00.000Z,138,p2,26,88
2025-07-14T17:00:00.000Z,125,p2,25,90
2025-07-14T18:00:00.000Z,114,p2,25,87
2025-07-14T19:00:00.000Z,122,p2,25,94
2025-07-14T20:00:00.000Z,108,p2,25,95
2025-07-14T21:00:00.000Z,115,p2,24,95
2025-07-14T22:00:00.000Z,126,p2,24,95
2025-07-14T23:00:00.000Z,117,p2,24,94
2025-07-15T00:00:00.000Z,117,p2,26,88
2025-07-15T02:00:00.000Z,116,p2,29,74
2025-07-15T03:00:00.000Z,91,p2,30,68
2025-07-15T04:00:00.000Z,92,p2,30,65
2025-07-15T05:00:00.000Z,88,p2,31,61
2025-07-15T06:00:00.000Z,90,p2,31,59
2025-07-15T07:00:00.000Z,71,p2,31,53
2025-07-15T08:00:00.000Z,55,p2,31,51
2025-07-15T09:00:00.000Z,66,p2,31,57
2025-07-15T10:00:00.000Z,80,p2,30,60
2025-07-15T11:00:00.000Z,52,p2,30,64
2025-07-15T12:00:00.000Z,87,p2,29,69
2025-07-15T13:00:00.000Z,120,p2,29,78
2025-07-15T14:00:00.000Z,107,p2,28,86
2025-07-15T15:00:00.000Z,95,p2,27,85
2025-07-15T16:00:00.000Z,76,p2,27,86
2025-07-15T17:00:00.000Z,66,p2,26,89
2025-07-15T18:00:00.000Z,67,p2,26,86
2025-07-15T19:00:00.000Z,73,p2,26,91
2025-07-15T20:00:00.000Z,100,p2,25,90
2025-07-15T21:00:00.000Z,100,p2,25,95
2025-07-15T22:00:00.000Z,101,p2,25,92
2025-07-15T23:00:00.000Z,69,p2,25,90
2025-07-16T00:00:00.000Z,98,p2,26,89
2025-07-16T02:00:00.000Z,99,p2,30,76
2025-07-16T03:00:00.000Z,99,p2,30,74
2025-07-16T04:00:00.000Z,96,p2,30,66
2025-07-16T05:00:00.000Z,99,p2,31,64
2025-07-16T06:00:00.000Z,95,p2,31,61
2025-07-16T07:00:00.000Z,49,p1,31,58
2025-07-16T08:00:00.000Z,60,p2,31,58
2025-07-16T09:00:00.000Z,51,p1,30,62
2025-07-16T10:00:00.000Z,63,p2,29,67
2025-07-16T11:00:00.000Z,58,p2,28,73
2025-07-16T12:00:00.000Z,68,p2,28,74
2025-07-16T13:00:00.000Z,77,p2,27,81
2025-07-16T14:00:00.000Z,78,p2,27,80
2025-07-16T15:00:00.000Z,114,p2,26,84
2025-07-16T16:00:00.000Z,106,p2,26,87
2025-07-16T17:00:00.000Z,111,p2,26,84
2025-07-16T18:00:00.000Z,102,p2,25,81
2025-07-16T19:00:00.000Z,99,p2,24,87
2025-07-16T20:00:00.000Z,105,p2,24,88
2025-07-16T21:00:00.000Z,102,p2,24,88
2025-07-16T22:00:00.000Z,101,p2,24,89
2025-07-16T23:00:00.000Z,95,p2,24,91
2025-07-17T00:00:00.000Z,101,p2,25,90
2025-07-17T02:00:00.000Z,103,p2,29,72
2025-07-17T03:00:00.000Z,105,p2,30,67
2025-07-17T04:00:00.000Z,98,p2,30,65
2025-07-17T05:00:00.000Z,92,p2,30,60
2025-07-17T06:00:00.000Z,55,p2,31,48
2025-07-17T07:00:00.000Z,66,p2,31,50
2025-07-17T08:00:00.000Z,65,p2,31,50
2025-07-17T09:00:00.000Z,49,p2,30,49
2025-07-17T10:00:00.000Z,44,p2,28,53
2025-07-17T11:00:00.000Z,44,p2,28,63
2025-07-17T12:00:00.000Z,54,p2,28,67
2025-07-17T13:00:00.000Z,63,p2,26,76
2025-07-17T14:00:00.000Z,75,p2,26,78
2025-07-17T15:00:00.000Z,62,p2,27,82
2025-07-17T16:00:00.000Z,66,p2,25,83
2025-07-17T17:00:00.000Z,80,p2,25,85
2025-07-17T18:00:00.000Z,99,p2,25,87
2025-07-17T19:00:00.000Z,102,p2,24,92
2025-07-17T20:00:00.000Z,76,p2,24,92
2025-07-17T21:00:00.000Z,77,p2,23,93
2025-07-17T22:00:00.000Z,110,p2,23,94
2025-07-17T23:00:00.000Z,112,p2,23,94
2025-07-18T00:00:00.000Z,113,p2,24,89
2025-07-18T02:00:00.000Z,113,p2,29,80
2025-07-18T03:00:00.000Z,110,p2,30,69
2025-07-18T04:00:00.000Z,102,p2,30,65
2025-07-18T05:00:00.000Z,93,p2,31,62
2025-07-18T06:00:00.000Z,90,p2,32,59
2025-07-18T07:00:00.000Z,75,p2,31,60
2025-07-18T08:00:00.000Z,75,p2,31,58
2025-07-18T09:00:00.000Z,85,p2,30,58
2025-07-18T10:00:00.000Z,66,p2,29,62
2025-07-18T11:00:00.000Z,93,p2,28,66
2025-07-18T12:00:00.000Z,76,p2,27,73
